flight_id,qty
9I725,0.765
BZ201,5.4
BZ863,9
KB211,4.938
AI2706,5.6
AI1874,6.4
AI2644,5.503
AI2772,6.2
AI1832,6.1
AI2720,5.349
AI2774,6.375
AI2472,7.398
AI2778,5.371
AI2768,5.104
AI1863,5.3
AI2410,5.882
AI2708,5.7
AI1832,5.65
AI2710,5.95
AI2482,7.65
AI2536,3.65
MH185,13.464
NS,0.47
TG314,5.826
NS,2.343
2776Y,4
SQ517,3.186
IX1517,2.05
IX1254,2.1
IX1521,0.55
IX1256,3.45
IX1584,10.004
IX2784,9
IX1514,3.85
IX1514,9.149
IX2782,10.5
IX1523,1.845
AI1519,3.12
IX1134,7.767
IX1516,8.482
6E334,4.876
6E6251,9.08
6E344,6.7
6E201,3.05
6E966,1.4
6E6088,8.85
6E7561,0.875
6E7351,1.869
6E958,8.479
6E6297,6.406
6E6134,3.151
6E5113,9.2
6E6514,1.17
6E6710,6.956
6E7418,1
6E6249,6.215
6E5077,5
6E7089,1.407
6E2248,7.698
6E695,7.863
6E6214,4.75
6E6908,7.481
6E7087,2.466
6E6339,3.343
6E6179,4.98
6E751,3.9
6E6917,2.55
6E6426,2.85
6E757,10.205
6E496,7.95
6E379,6.85
6E715,8.05
6E212,2.56
6E7317,0.811
6E2106,7.327
6E9204,2.953
6E6348,4.2
6E798,3.9
6E6616,1.95
6E326,9.313
6E245,6.975
6E2165,8.92
6E235,0.345
6E994,3.43
6E394,5.1
6E234,8.008
6E6908,6.765
6E7674,0.865
6E135,3.4
6E417,4.85
6E634,8.7
6E2513,2.85
6E1105,0.62
6E856,4.3
6E485,2.7
6E292,8.45
6E6528,6.95
6E5010,6.121
6E6314,8.749
6E476,7.542
6E1641,12.89
6E862,4.845
6E1631,5.95
AK62,5.25
AK64,10.12
EK571,30.987
EK573,35.652
FD121,9
B3701,3.3
B3700,7.636
I7107,0.32
I7206,0.4
QP1802,5.283
QP1925,7.7
QP1562,6.199
QP1926,6.672
QP1411,7.6
9I763,2.098
9I751,2.379
9I755,1.458
BD308,1.05
BZ268,1.85
BZ803,6.9
BZ201,11.5
AI2706,3.63
AI2772,7.792
AI2778,5.835
AI2644,7.147
AI2720,5.55
AI2536,3.995
AI2472,6.807
AI2708,5.9
AI2710,5.156
AI1874,3.7
AI2768,6.7
AI2482,6.929
AI2774,5.878
AI1863,5.51
AI2410,3.441
AI1832,5.2
NS,0.25
TG314,7.314
4637X,4.007
SQ517,12.109
NS,1.197
IX1254,3.25
IX2782,9.344
IX2784,7.6
IX1514,2.96
IX1519,3.9
IX2985,7.768
IX1523,1.5
IX1256,2.725
IX2531,2.306
IX1516,5.7
IX1517,2.86
IX1134,1.151
IX1584,8.87
6E7674,0.589
6E6710,6.95
6E6179,5.378
6E334,4.85
6E6297,7.3
6E2106,9.3
6E6249,6.844
6E958,7.78
6E5077,3.7
6E563,4.5
6E379,3.195
6E7561,0.903
6E1105,0.682
6E344,6.4
6E6514,6.9
6E7351,1.618
6E496,8.6
6E5113,7.595
6E135,4.324
6E326,6.34
6E6214,3.6
6E7089,0.615
6E7418,1.369
6E966,0.747
6E245,6.06
6E6348,1.151
6E235,7.628
6E994,1
6E6616,1.4
6E6251,8.802
6E715,6.9
6E212,3.3
6E2513,2.65
6E634,6.514
6E6088,8.22
6E874,6
6E394,6.82
6E6908,7.05
6E856,4.62
6E476,6.6
6E6339,3.577
6E798,4.95
6E7317,0.574
6E6528,5.9
6E6917,2.25
6E417,3.07
6E2165,9.25
6E2248,7.989
6E757,9.331
6E292,6.68
6E751,0.663
6E6426,1.3
6E695,7.507
6E234,6.692
6E7087,2.365
6E1641,13.05
6E485,1.75
6E6314,8.37
6E862,4.8
6E1631,6.1
AK64,6.585
BH164,1.341
EK571,32.592
FD121,4.521
B3701,4.571
B3700,6.749
FZ462,14.632
SL243,6.64
NS,0.843
I7107,0.24
I7206,0.31
QP1141,8
QP1802,1.711
QP1926,4.42
QP1562,5.16
9I755,1.7
BZ308,1.1
BZ803,7.455
BZ102,7.001
KB211,5.619
AI2644,5.519
AI2772,6.201
AI2706,4.121
AI2536,4.372
AI2778,5.87
AI2720,5.49
AI2472,7.246
AI2768,6.202
AI1863,6.25
AI2774,7.468
AI1874,5.3
AI2708,4.535
AI2710,6.254
AI2482,6.12
AI2410,6.05
TG314,7.066
S,2.457
4565H,4.007
IN257,1.095
SQ517,19.587
CG763,1.2
IX2782,8.73
IX1517,3.7
IX2784,8.947
IX3301,1.64
IX1584,9.307
IX1254,3.257
IX1531,1.772
IX1523,2.026
IX1519,4.77
IX2985,8.658
IX1516,5.95
IX1256,2.327
IX1514,2.73
IX1134,7.5
6E326,8.07
6E6088,8.33
6E201,5.55
6E334,5.433
6E6297,9.061
6E344,4.524
6E7089,0.933
6E135,7.2
6E6710,5.22
6E5113,7.709
6E7351,1.409
6E2106,1.916
6E6514,7.8
6E563,6.052
6E5077,4.9
6E634,6.76
6E5010,6.446
6E6249,5.321
6E235,7.3
6E7561,1.081
6E715,4.703
6E7418,1.5
6E6251,9.131
6E379,4.9
6E966,2.164
6E6214,1.53
6E6348,3.2
6E496,8
6E7087,2.428
6E856,3.881
6E6528,4.599
6E139,3.096
6E212,2.6
6E245,6.43
6E292,6.097
6E874,5.871
6E798,4.9
6E757,7.901
6E394,5.45
6E2513,3.607
6E6908,6.979
6E2165,8.2
6E234,6.755
6E6314,8.35
6E6917,1.214
6E6426,6.05
6E6616,1.55
6E6749,0.3
6E6339,1.364
6E7674,0.881
6E958,8.97
6E751,0.3
6E485,0.9
6E2248,8.8
6E7317,0.601
6E9204,0.8
6E695,7.12
6E476,7.25
6E5010,6.548
6E1105,0.36
6E417,3.743
6E862,4.7
6E1641,12.336
6E1631,6.1
AK64,10.392
EK571,28.909
EK573,34.165
FD121,3.811
ACP9784,39.274
B3701,4.55
B3700,6.979
BS202,1.107
I7107,0.22
I7206,0.244
QP1925,5.4
QP1802,1.8
QP1562,5.2
QP1926,7.503
QP1141,7.727
9I7561,3.384
9I980,3.667
BZ201,9.7
AI2720,3.841
AI2706,6.386
AI2536,4.48
AI2772,4.38
AI1832,5.15
AI1874,6.74
AI2778,5.95
AI2644,6.9
AI2472,5.95
AI2774,7.25
AI2482,5.782
AI2708,5.58
AI2710,6.35
AI1863,5.35
AI2410,6.378
AI2768,5.75
MH185,11.786
TG314,7.323
NS,0.842
INDIAN ARMY,4.018
SQ517,17.929
IX1517,2.3
IX1514,2.7
IX1584,8.7
IX1256,2.421
IX2782,9.85
IX2784,7.941
IX1254,7.004
IX1521,0.442
IX1523,3.02
IX1519,4.15
IX1516,6.801
IX2985,6.666
IX1531,0.95
IX1134,7.9
6E394,6.556
6E7089,2.02
6E6297,8
6E245,6.688
6E379,4.05
6E563,1.459
6E7561,1.645
6E6249,5.202
6E6179,3.306
6E6214,1.5
6E6339,3.071
6E344,7.2
6E7351,1.009
6E6514,3.2
6E994,0.711
6E751,0.906
6E5077,6.2
6E9206,0.75
6E2106,5.3
6E6917,3
6E417,3.6
6E715,8.356
6E6710,7.2
6E496,7.741
6E7418,1.057
6E9204,0.4
6E2513,2.9
6E235,7.227
6E326,8.5
6E139,2.05
6E6908,6.5
6E5113,7.237
6E212,0.77
6E634,6.8
6E334,6
6E6088,3.7
6E6616,0.251
6E874,6.998
6E2165,9.45
6E1631,5.3
6E1641,14.06
6E6314,0.4
6E798,4.87
6E6426,6.651
6E856,4.6
6E476,6.5
6E5010,6.81
6E862,3.8
6E695,8.55
6E7674,0.55
6E757,9.65
6E6528,7.218
6E234,7.006
6E135,6.254
6E6749,4.155
6E7317,0.947
6E292,6.46
6E485,1.8
6E958,5.2
6E7087,2.469
6E6251,8.384
6E2248,7.845
KA7787,10.807
KA7788,16.27
U4164,1.378
EK571,43.104
EK573,45.304
FD121,9.922
B3701,4
B3700,6.561
NS,4.131
FZ462,14.667
SL243,6.138
S,1.724
I7107,0.28
I7206,0.61
QP1926,2.4
QP1802,2.553
QP1141,9.05
9I725,1.25
9I755,1.522
9I751,2.518
9I721,1.426
AI2706,6
AI3384,8.6
AI2710,6.555
AI2536,5.55
AI2778,6.95
AI2768,5.895
AI2410,4.5
AI1832,5.909
AI1874,6.435
AI2708,5.551
AI2774,5.826
AI2772,5.57
AI2644,7.6
AI2720,8.911
AI2472,5.886
AI1863,6.48
AI2482,6.685
MH185,14.882
TG314,8.102
K3602,2.805
NS,4
NS,4.004
SQ517,9.496
CG,1.036
IX2985,7.871
IX2782,9.33
IX1517,3.279
IX1523,2.575
IX2784,5.45
IX3301,2.37
IX1254,7.75
IX1584,8.8
IX1521,1.25
IX1134,6.978
IX1531,0.531
IX1256,2.68
IX1563,3.17
IX1516,5.1
IX1514,2.825
IX1519,3.3
6E7418,1.454
6E7089,0.48
6E235,7.533
6E6348,0.3
6E379,5.953
6E326,6.85
6E6088,8.163
6E135,7.7
6E5077,4.6
6E212,2.5
6E6514,4.305
6E966,2.95
6E201,5.525
6E6297,6.05
6E7351,0.877
6E334,5.9
6E6214,2.35
6E563,3.373
6E9204,0.6
6E496,3.9
6E6179,3.401
6E245,6.602
6E5113,7.6
6E139,3.35
6E2106,10.1
6E344,6.429
6E634,1.08
6E6710,6.775
6E715,7.504
6E757,8.05
6E6528,6.202
6E695,8.261
6E6251,8.241
6E7674,2.076
6E6717,0.95
6E6426,6
6E292,7.85
6E485,1.5
6E856,4.5
6E7087,1.55
6E798,5.45
6E2248,8.252
6E234,7.045
6E6908,7.2
6E958,7.35
6E874,7
6E6749,0.867
6E6616,2.35
6E994,1.25
6E6339,2.201
6E6917,1.8
6E417,3.357
6E751,1.875
6E2165,9.25
6E2573,4.5
6E394,6.05
6E5010,7.2
6E476,7.45
6E723,6.3
6E6314,8.2
6E862,4.1
6E1105,2.36
6E1641,13.55
6E1631,4.4
6E6249,5.78
AK62,10.181
U4164,1.318
EK571,45.78
EK573,44.261
FD121,7.385
B3701,3.6
B3700,8.348
BS202,0.871
I7107,0.26
I7206,0.54
QP1562,7.15
QP1802,3.77
QP1926,3.344
QP1141,8.08
9I755,1.439
BZ201,9.1
KB211,1.397
AI2472,5.771
AI2644,8.4
AI2720,6.287
AI2778,6.78
AI2536,4.771
AI2472,4.519
AI2706,5.25
AI2772,6.6
AI1874,6.179
AI2482,6.05
AI2410,3.5
AI1832,7
MH185,14.439
MH185,11.654
TG314,7.056
IAF,0.668
SQ517,12.284
CG763,1.568
CG773,0.269
CG763,1.136
IX2782,9.88
IX1254,2.428
IX2784,9.371
IX1584,8.95
IX151,4.355
IX1523,1.25
IX1256,3.33
IX1514,3.805
IX2985,6.2
IX1519,3.071
IX1134,7.692
IX1516,6.65
6E135,6.96
6E9204,0.55
6E6297,8.28
6E212,0.7
6E6088,5.53
6E496,4.5
6E245,8.487
6E201,4.544
6E344,6.521
6E6179,2.95
6E6961,3.919
6E6214,2.7
6E379,4.984
6E751,0.54
6E-563,5
6E7561,1.17
6E7351,0.654
6E139,4.35
6E6249,4.2
6E7418,1.552
6E5113,8.1
6E715,8.451
6E198,9.082
6E6908,6.851
6E874,1.15
6E7317,0.58
6E6616,0.85
6E2513,2.819
6E6339,3.35
6E292,7.681
6E994,1.35
6E2165,9.227
6E334,6.231
6E7089,0.627
6E6749,0.25
6E417,3.895
6E394,7.65
6E5077,7.507
6E6710,9.084
6E6917,3.393
6E757,8.001
6E958,8.19
6E235,6.614
6E326,7.7
6E234,6.814
6E2248,9.043
6E6251,8.011
6E6134,0.471
6E6514,3.501
6E723,6.085
6E856,4.51
6E476,8.457
6E6426,8.3
6E6717,2.25
6E961,8.45
6E2106,9.5
6E6348,0.35
6E798,4.916
6E862,4.576
6E966,3.6
6E6314,7.65
6E1641,12.05
6E7087,1.72
6E7674,0.275
6E1631,4.551
AK64,12.9
EK571,38.872
FD121,4.076
B3700,7.475
FZ462,14.915
SL243,6.831
I7107,0.22
I7206,0.34
QP1802,2.5
QP1926,6.755
QP1141,8.541
QP1561,4.77
QP1925,6.466
9I782,1.53
9I751,2.74
BZ308,0.6
BZ803,7.25
BZ201,7.652
AI2720,7.584
AI2644,7.55
AI2708,8.05
AI2706,5.55
AI2772,7.385
AI1874,6.646
AI2472,7.97
AI2410,4.52
AI2768,5.5
AI1863,7.421
AI2774,6.5
AI2710,6.118
AI2472,0.2
AI3342,3.92
AI2708,5.75
AI2482,5.53
MH185,11.07
TG314,6.863
SQ517,11.485
CG754,0.718
CG754,1.283
IX2782,9.426
IX1254,7.002
IX1514,3.818
IX2784,8.364
IX1517,3.1
IX1584,7.343
IX2985,5.77
IX1523,2.356
IX1521,0.772
IX3301,2.21
IX1516,5.34
IX1519,4.8
IX1256,3.405
IX1134,6.936
6E344,7.06
6E7418,1.34
6E6514,2.997
6E6623,7.55
6E334,4.904
6E6088,6.9
6E563,4.945
6E6339,1.75
6E2513,4.52
6E6297,7.312
6E7351,1.208
6E6348,1.195
6E6710,7.5
6E212,2.4
6E7561,2.45
6E421,6.05
6E326,7.95
6E 379,6.9
6E2119,9.867
6E6179,3.55
6E2106,4.4
6E201,5.03
6E7561,0.405
6E135,7
6E6249,6.85
6E6214,2.611
6E245,7.101
6E5113,7.3
6E496,7.65
6E966,0.2
6E695,7.474
6E994,0.605
6E394,6.95
6E751,0.55
6E2165,7.21
6E235,6.4
6E6749,0.55
6E958,6.1
6E198,7.46
6E6917,3.011
6E7317,0.7
6E634,7.315
6E417,4.7
6E874,8.05
6E6908,6.631
6E6616,1.52
6E5010,7.252
6E1631,4.7
6E485,0.25
6E715,7.25
6E757,9.014
6E6251,7.403
6E6528,5.872
6E7087,1.607
6E2248,8.8
6E6171,2.65
6E723,6.301
6E798,4.6
6E6134,0.85
6E6426,5.801
6E476,7.228
6E862,0.701
6E1641,12.336
6E856,2.851
KA7787,8.846
KA7788,16.577
AK64,13.477
U4164,1.408
EK571,41.334
FD121,4.308
B3701,5.682
BS202,1.204
SL243,12.055
I7107,0.26
QP1926,5.617
QP1562,7.883
QP1802,6.365
QP1141,8.65
9I725,1.5
9I763,1.391
BZ863,6.75
BZ201,8.301
KB211,9.223
AI2772,6.911
AI2472,8.5
AI2644,5.361
AI2536,4.6
AI2720,7.441
AI1863,6.8
AI2706,6.101
AI2774,6.152
AI1832,6.28
AI1874,6.153
AI2710,6.1
AI2482,7.432
AI2778,6.463
AI2774,6.482
AI2708,6.55
AI2410,7.55
NS,0.492
TG314,6.795
ZP5103,1.041
SQ517,13.579
CG763,0.668
CG763,0.611
IX2782,8.6
IX1517,4.15
IX1521,0.598
IX1514,3.055
IX1134,7.9
IX1584,9.23
IX2784,8.887
IX1256,3.7
IX1519,3.15
IX1254,2.714
IX2985,7.54
IX1531,0.583
IX1516,6.425
IX1523,2.477
6E7351,1.052
6E6249,7.74
6E7234,1.7
6E6426,6.8
6E245,7.05
6E201,3.003
6E563,2.6
6E292,7.95
6E958,7.85
6E634,7.174
6E751,1.592
6E2513,3.35
6E6616,2.553
6E757,8.78
6E5010,6.802
6E6348,2.1
6E6297,8.234
6E715,8.628
6E994,3.087
6E6251,8.26
6E379,3.369
6E234,7.05
6E798,5.33
6E476,6.716
6E6314,7.679
6E6171,2.611
6E723,6.351
6E7087,2.539
6E6749,0.901
6E6088,8.05
6E874,1.85
6E496,6.977
6E2137,5.916
6E2106,4.568
6E212,0.497
6E5077,3.718
6E2165,8.225
6E6528,5.299
6E417,3.8
6E334,6.6
6E9204,1.1
6E6214,2.55
6E135,7.95
6E326,3.95
6E7418,1.815
6E235,7.9
6E485,2.05
6E6917,2.6
6E2119,6.801
6E6514,2.314
6E6179,2.3
6E394,9.353
6E198,8.379
6E6710,6.95
6E7317,0.65
6E2248,7.913
6E6134,0.55
6E6339,3.25
6E6908,7.72
6E862,3.55
6E856,0.85
6E1631,5.415
6E1105,2.051
6E1641,10.75
6E139,2.406
AK064,11.312
AK64,12.803
EK573,49.182
EK571,41.008
FD121,8.722
B3700,6.955
NS,3.316
NS,0.828
S,0.347
I7107,0.33
QP1926,7.82
QP1802,7.48
QP1562,4.799
QP1925,8.8
QP1564,6.45
9I763,2.056
9I751,2.229
9I775,0.897
BZ201,13.063
BZ308,0.4
BZ268,2.3
BZ803,7.201
AI2710,8.876
AI1832,7.201
AI1874,4.651
AI2772,6.2
AI2472,7.981
AI2768,5.901
AI2774,6.136
AI2706,4
AI2708,6.746
AI1832,6.691
AI1863,6.25
AI2410,5.757
AI2482,5.6
AI2644,8.25
AI2536,3.87
AI2778,4.064
AI2720,6.95
TG314,6.977
TG327,8.013
SQ517,12.28
CG,1.512
IX2985,5.611
IX1584,7.75
IX1134,6.042
IX1523,2.074
IX1531,0.95
IX1519,3.47
IX1521,0.35
IX1514,2.276
IX1256,1.9
IX2784,8.5
IX1516,6.6
IX1517,4.45
IX1254,1.571
IX2782,9.4
6E723,7.3
6E6297,4.45
6E2137,4.35
6E6616,1.58
6E198,7.55
6E5077,4.6
6E7351,1.921
6E6710,7.662
6E634,7.175
6E234,6.8
6E135,6.028
6E2165,10.6
6E6339,2.488
6E2248,8.8
6E334,6.474
6E6134,0.403
6E6251,8.2
6E235,7.451
6E6749,4.107
6E715,6.731
6E6214,3.66
6E751,2.45
6E6348,0.4
6E856,7.4
6E798,5.55
6E394,9.82
6E2513,3.05
6E7087,1.121
6E7317,1.3
6E6908,6.42
6E6088,6.66
6E695,8.5
6E6171,2.252
6E6917,1.61
6E1105,0.61
6E757,6.076
6E6528,7.03
6E326,8.806
6E874,9.387
6E417,3.054
6E958,1.472
6E6426,8.147
6E292,6.503
6E5010,8.053
6E862,3.7
6E1631,5.6
6E1641,12
6E476,7.204
6E245,5.66
6E6314,8.463
6E9057,10.45
6E966,1.062
6E2106,9.58
6E7418,1.599
6E496,7.3
6E6514,5.253
6E5113,5.574
6E2119,7.85
6E6249,6.02
6E994,1
6E139,4.7
6E212,3.55
6E7561,4.052
6E379,5
6E6179,2
6E563,3.151
BH164,1.362
EK571,49.606
FD121,3.727
ZA9619,13.956
B3701,8.466
B3700,7.579
FZ462,14.754
SL243,3.277
I7208,0.312
I7107,0.28
QP1926,4.782
QP1141,7.63
QP1802,7
QP1562,7.992
9I755,1.63
BZ308,0.687
BZ201,9.1
KB211,5.757
NS,3.24
AI2644,5.62
AI2708,7.8
AI2710,7.8
AI1733,6.9
AI2720,7.522
AI3384,8.214
AI2772,5.535
AI2778,5.421
AI1874,4.858
AI2768,5.32
AI2472,6.4
AI2774,7.4
AI2482,7.9
AI2410,6.685
MH185,13.533
TG314,6.911
5197,0.982
5207,1.582
NS,0.9
SQ517,18.541
CG754,1.178
IX1521,1.9
IX1256,1.9
IX1254,3.525
IX1514,2.53
IX1584,7.7
IX1134,7.811
IX1517,3.5
IX2782,9.93
IX1523,1.5
IX1531,0.197
IX1519,4.589
IX2985,4.109
IX2784,5
IX1516,6.25
6E201,3.714
6E2119,5.484
6E496,8.291
6E6179,1.15
6E7234,2.85
6E6214,3.856
6E235,6.55
6E7418,2.715
6E6917,3.35
6E2165,6.2
6E715,8.246
6E2137,8.3
6E245,5.769
6E394,6.828
6E6339,2.2
6E334,4.102
6E198,8.7
6E2106,9.21
6E6749,3.148
6E6348,4.9
6E6514,4.9
6E379,4.95
6E563,3.201
6E135,7.669
6E6297,4.956
6E798,5.2
6E874,8.23
6E2513,2.3
6E6616,1.9
6E7351,2.005
6E751,0.48
6E212,4.159
6E7561,3.2
6E139,4.9
6E6249,7.315
6E634,2.789
6E757,8.75
6E5113,6.702
6E326,8.174
6E1105,1
6E1641,13.1
6E958,5.95
6E695,8.2
6E6710,8.5
6E6426,6.32
6E6528,6.88
6E292,7.3
6E234,7.067
6E6908,8.25
6E485,1.525
6E856,4.952
6E5010,8.31
6E7087,2.166
6E6171,1.05
6E723,5.45
6E6314,8.662
6E476,4.3
6E417,3.3
6E2248,7.897
6E7317,0.916
6E1631,5.087
6E862,3.526
6E6251,7.05
6E6088,3.201
AK64,11.8
EK573,47.785
EK571,53.08
FD121,8.366
B3700,8.426
BS202,1.91
I7107,0.15
I7206,0.6
QP1562,4.75
QP1802,4.689
QP1925,6.361
QP1926,7.05
QP1141,8.42
9I751,2.28
BD201,9.9
KB610,12.682
KB152,7.548
KB542,13.388
AI1874,5.221
AI2720,5.419
AI2644,5.003
AI2778,5.45
AI1832,5.521
AI2772,6.65
AI2472,6.86
AI2710,6.126
AI2774,5.55
AI2410,4.9
AI2768,5.2
AI2708,6.35
AI2482,6.572
AI2509,7.19
AI1863,7.05
MH185,13.125
TG314,6.884
IAF,0.87
ZP5103,1.76
KA2732,4.089
IAF,3.524
SQ517,10.369
CG763,2.504
IX1134,7.128
IX1254,3.14
IX1584,9.1
IX2784,8.898
IX2782,8.131
IX1517,3.16
IX3002,1.77
IX1514,2.95
IX2985,8.083
IX1521,2.297
IX1516,5.45
IX1256,2.9
IX1519,1.7
6E9204,2.67
6E6348,1.253
6E496,8.156
6E6214,2.852
6E634,5.45
6E6701,6
6E334,4.82
6E326,8.13
6E201,7.25
6E7418,1.624
6E2106,10.846
6E7351,1.737
6E9206,3.304
6E6297,6.553
6E394,7.66
6E234,7.2
6E344,5.702
6E966,0.273
6E245,4.846
6E3405,2
6E2513,3.081
6E563,3.25
6E5113,6.171
6E6179,4.15
6E6749,4.165
6E198,7.298
6E2137,10.35
6E6249,5.52
6E5077,5.6
6E235,5.251
6E2119,9.5
6E379,5.938
6E2165,7.17
6E874,6.5
6E751,2.2
6E7087,1.82
6E958,7.09
6E7317,2.9
6E723,4.65
6E485,2.09
6E6917,1.901
6E417,4.2
6E212,0.95
6E6339,1.35
6E135,7.3
6E757,8.271
6E1105,0.941
6E292,6.8
6E715,5.102
6E6616,1
6E856,0.35
6E6908,7.25
6E6426,6.57
6E695,5.9
6E6088,6.8
6E1631,4.55
6E1641,13.2
6E862,6.1
6E6171,3.399
6E6314,1.219
6E6251,8.15
6E6134,0.2
6E5010,9.504
6E798,5.003
6E2248,8.6
KA7787,8.552
KA7788,17.243
AK64,10.328
BH164,1.287
EK571,34.009
EK573,49.121
FD121,4.171
CE054,13.327
B3700,6.485
VSR VENTURES,3.329
FZ462,14.594
SL243,7.226
RPS AVIATION,1.738
I7107,0.79
I7206,0.4
QP1802,2.97
QP7017,4.35
QP1141,8.28
9I721,1.568
9I751,3.787
9I720,1.219
9I755,1.756
AI2774,5.489
AI2472,6.54
AI2708,7.45
AI2768,6.45
AI2482,6.805
AI2778,5.55
AI1874,5.8
AI2644,5.1
AI2720,8.905
AI1832,7.426
AI2772,6.75
AI4002,7.683
AI2410,7.933
AI1863,5.951
AI2710,7.8
MH185,12.095
NS,0.434
TG314,6.722
SQ517,11.262
CG754,0.259
IX1514,2.56
IX1516,5.101
IX1584,8.551
IX3301,1.731
IX1256,1.835
IX1254,2.751
IX2784,6.98
IX1517,6.3
IX2782,9.966
IX2985,7.202
IX1523,2.15
IX1519,3.8
IX1134,6.828
6E234,5.875
6E6961,7.616
6E6528,5.77
6E7087,1.427
6E6908,6.27
6E798,4.75
6E201,8.6
6E2165,9.054
6E344,6.85
6E1631,5.552
6E379,9.85
6E6514,6.439
6E7351,0.802
6E563,3.418
6E212,0.65
6E6179,3.8
6E2119,8.702
6E326,6.95
6E7234,2.073
6E634,4.894
6E334,3.568
6E6710,8.51
6E394,2.15
6E6297,3.952
6E2137,10.932
6E715,7.151
6E6339,2.832
6E6426,7.807
6E6348,3.16
6E6088,5.861
6E235,5.255
6E5077,7
6E6214,2.45
6E135,6.171
6E496,7.64
6E7418,2.249
6E6917,3.502
6E2513,3.685
6E198,7.86
6E874,7.651
6E6749,0.65
6E958,6.772
6E417,3.578
6E757,8.567
6E695,8.246
6E994,2.991
6E6616,1.63
6E6251,7.544
6E-2248,7.705
6E292,6.468
6E723,6.1
6E5010,6.603
6E1641,14.2
6E862,4.3
6E1105,2.75
6E476,7.35
6E856,6.503
6E485,2.1
6E6314,5.875
6E751,0.65
AK62,8.29
AK64,12.245
BH164,1.239
EK571,27.11
EK573,37.441
FD121,7.572
B3701,1.221
B3700,7.62
BS202,0.646
I7107,0.47
I7206,0.28
QP1802,4.65
QP1562,4.852
QP1926,6.55
QP1141,7.52
9I755,1.559
BZ803,7.5
BZ201,12.3
KB211,1.33
AI2772,6.721
AI2720,7.3
AI2706,5.5
AI2644,5.85
AI2768,5.593
AI2472,7.5
AI1832,7.45
AI2708,6.35
AI2710,7.5
MH185,13.342
TG314,6.779
SQ517,14.555
CG,0.442
CG,0.906
IX1516,5.4
IX1521,6.761
IX2784,7.83
IX1254,5.533
IX1517,3.487
IX2782,8.45
IX1584,7.451
IX2985,7.3
IX1256,1.03
IX1514,2.9
IX1134,7.595
IX1519,3.48
6E6710,4.12
6E496,3.801
6E7418,1.72
6E6088,5.74
6E7561,4.622
6E6154,8.701
6E334,3.9
6E6297,6.8
6E235,5.1
6E634,3.352
6E139,0.404
6E2119,6.6
6E6249,5.796
6E2137,7.977
6E245,6.4
6E212,3.8
6E9204,1.3
6E379,4
6E6179,0.45
6E563,5.393
6E1631,5.25
6E201,4.987
6E2106,9.8
6E5077,3.04
6E7351,1.882
6E135,4.202
6E476,5.303
6E386,3.986
6E5113,4.776
6E966,2.6
6E994,0.2
6E6749,0.575
6E6348,1.139
6E6214,1.95
6E6339,2.871
6E2165,8.806
6E634,1.842
6E6616,0.2
6E326,6.106
6E715,6.374
6E6917,1.13
6E234,5.86
6E751,0.395
6E757,6.96
6E292,8.35
6E394,4.858
6E6908,4.18
6E695,8.3
6E198,7.05
6E6251,7.615
6E958,7.359
6E417,3.5
6E798,3.75
6E7317,0.95
6E6528,7.55
6E6171,1.2
6E6426,5.499
6E6717,2.03
6E856,2.603
6E862,2.4
6E723,5.403
6E5010,6.76
6E6134,0.5
6E874,8.308
6E1641,13.149
6E485,1.83
6E2248,8.141
6E7087,1.403
6E1105,1.413
6E6314,8.222
6E2513,2.8
AK64,12.121
EK571,22.456
FD121,5.649
B3701,0.941
B3700,7.945
FZ462,14.97
SL243,3.573
QP1802,4.403
QP1562,2.163
QP1925,5.7
QP1926,5.6
QP1141,7.44
9I751,2.643
9I721,1.339
BZ308,0.55
BZ803,7.571
BZ201,8.601
AI2644,6.562
AI2706,5.49
AI2772,5.82
AI2536,5.581
AI2774,6
AI1874,7.123
AI2472,6.706
AI1863,5.51
AI2708,6.85
AI2482,5.583
AI2410,5.7
AI2768,5.381
AI2710,5.5
MH185,14.711
TG314,7.64
CG,0.967
IX1584,8.6
IX2782,9.04
IX1517,4.2
IX1254,6.72
IX1915,3.98
IX1134,7.226
IX2985,4.455
IX3301,1.4
IX1519,4.28
IX1516,3.5
IX1256,2.279
IX1531,0.96
IX2784,5.401
IX1523,2.26
6E379,5.3
6E7351,1.969
6E5077,3.223
6E5113,4.4
6E212,4.896
6E9204,1.75
6E2119,9.407
6E2137,9
6E6514,3.6
6E139,7.45
6E201,7.582
6E245,6.029
6E6179,3.2
6E496,5
6E6297,5.484
6E966,1.15
6E6249,7.501
6E2106,9.6
6E563,3.675
6E334,2.851
6E6908,5.402
6E715,6.15
6E417,3.469
6E6339,2.302
6E235,6.8
6E394,8.7
6E134,0.6
6E757,9.079
6E862,5.439
6E634,5.001
6E326,9.211
6E994,1
6E958,8.1
6E1631,3.5
6E476,8.381
6E6616,1.816
6E6426,7.878
6E695,7.95
6E2165,10.664
6E6717,1.75
6E292,6.853
6E7317,2.95
6E7087,2
6E6710,5.915
6E6214,4.15
6E1105,2.1
6E1641,13.95
6E6348,2.52
6E751,0.5
6E5010,7.754
6E6749,4.082
6E856,4.948
6E198,6.85
6E2248,9
6E723,6.2
6E6088,4.5
6E874,7.229
6E6917,5.5
6E135,3.159
6E6528,4.883
6E6251,7.073
6E6314,7.598
6E2513,5.3
6E485,2.07
6E234,7.403
6E6171,1.5
KA7788,15.957
KA7787,7.842
NS,1.43
BH164,1.437
EK571,27.06
FD121,1.858
B3700,7.565
BS202,0.797
SL243,3.413
QP2562,4.8
QP1802,4.37
QP1926,3.85
QP1141,8.883
NS,1.1
9I763,1.393
9I725,1.907
BZ201,8.2
KB211,6.3
AI1832,7.896
AI2706,5.7
AI2772,6.9
AI2720,6.241
AI2482,6.877
AI1874,5.483
AI1905,6.5
AI2472,6.752
AI2774,7.731
AI2536,5.62
AI2708,6.2
AI2410,6.803
AI2710,7.007
AI2778,7.45
AI2768,5.082
AI2644,5.94
TG314,7.008
SQ517,12.7
SQ517,12.642
CG,1.15
IX1134,6.835
IX1256,3.467
IX2782,8.847
IX2784,7.92
IX1514,4.37
IX1519,4.5
IX1521,3.56
IX1516,5
IX1531,0.952
IX1584,8.05
IX1254,3.863
IX1517,4.65
IX2985,4.688
IX1523,1.085
6E715,5.97
6E6088,6.15
6E6908,5.931
6E235,4.925
6E798,6.037
6E6710,6.25
6E994,2.35
6E2165,7.8
6E198,7.503
6E379,1.651
6E6514,7.127
6E2513,2.4
6E7317,1.2
6E6249,4.05
6E5077,5.013
6E966,0.714
6E496,9.873
6E874,4.9
6E7087,2.107
6E6171,1.53
6E6171,1.85
6E6314,0.947
6E326,7.2
6E2137,6.145
6E6348,1.9
6E751,1.37
6E135,6.45
6E334,3.706
6E6214,1.05
6E6179,4.32
6E6616,2.9
6E634,2.699
6E1641,8.5
6E476,7.451
6E6134,1.35
6E6339,3.9
6E695,7.9
6E485,2.085
6E6528,6.405
6E757,7.7
6E9204,0.3
6E563,7.8
6E201,4.2
6E958,7.188
6E6251,8.126
6E2248,8.8
6E856,1.64
6E2119,7.05
6E139,1.15
6E6917,2.361
6E292,6.169
6E1105,1.85
6E1631,3.6
6E6297,5.3
6E2106,9.5
6E245,6.1
6E5113,5.05
6E7351,1.722
6E344,7.25
6E417,1.801
6E6717,2.625
6E234,6.743
6E6426,4.801
6E5010,6.693
6E862,3.7
6E723,6.263
AK62,6.584
AK64,8.701
EK571,27.641
EK573,42.614
FD121,2.654
B3701,2.048
B3766,15.934
NS,0.575
QP1802,2.902
QP1926,7.12
QP1925,5.45
QP1562,4.75
QP1141,8.18
9I763,2.571
9I751,2.309
9I755,1.242
BZ201,12
AI2710,6.05
AI1874,6.3
AI2768,7.039
AI2778,6.6
AI2644,7.7
AI2720,8.4
AI1832,8.248
AI2536,4.123
AI2706,7.09
AI2772,5.48
AI2472,8.014
AI2774,8.55
AI1832,4.65
AI2482,7.674
AI2708,6.23
AI2410,6.73
TG314,7.667
SQ517,11.97
CG,0.955
IX2985,6.09
IX2784,8.515
IX1584,6.9
IX1523,2.397
IX1254,6.88
IX2782,9.302
IX1517,0.3
IX1517,4.72
IX1256,3.54
IX1531,2
IX1519,3.65
IX1514,5
IX1516,5.82
IX1134,6.766
6E6171,0.28
6E6134,1.45
6E6088,6.4
6E135,3.138
6E2513,3.236
6E6214,1.785
6E379,3.32
6E6179,3.851
6E139,1.355
6E6749,2.65
6E326,6.95
6E7351,1.197
6E634,2.1
6E3108,0.25
6E563,4.43
6E6249,4.039
6E1105,0.43
6E245,1.291
6E2137,7.55
6E2106,10.368
6E5113,9.205
6E2119,3.45
6E212,2
6E6297,5.261
6E496,7.95
6E6514,7.6
6E201,7.051
6E5077,4.2
6E334,3.465
6E751,1.05
6E235,4.793
6E6710,5.55
6E715,7.434
6E485,3.279
6E6426,6.501
6E958,6.842
6E1631,4.87
6E6908,6.3
6E394,8.273
6E994,3.58
6E6616,2.85
6E6917,1.35
6E6339,4.6
6E695,8.12
6E2165,9.452
6E234,6.44
6E874,8.3
6E292,7.564
6E198,8.16
6E6528,8.56
6E7087,1.666
6E1641,7.738
6E798,5.5
6E862,2.103
6E856,3.35
6E2248,7.94
6E476,6.516
6E723,5.6
6E5010,3.75
6E6717,2.35
6E6314,8.4
6E6251,8.15
AK64,8.8
BH164,1.349
EK571,33.3
FD121,4.051
B3700,7.748
VSR VENTURES,1.219
FZ462,14.488
SL243,3.366
I7107,0.2
I7206,0.61
QP1802,2.45
QP1926,3.55
QP1562,5.59
QP1141,5.35
BZ201,8.2
KB211,1.381
AI2768,5.67
AI2772,6.361
AI2778,4.65
AI2644,5.851
AI2774,6.27
AI2536,4.15
AI2720,5.097
AI1874,6.1
AI2472,7.157
AI2706,4
AI1863,6.48
AI2710,6.05
AI2842,7.22
AI2708,5.929
AI2410,5.97
TG314,4.273
IAF,10.65
SQ517,12
CG,0.606
CG763,0.944
IX1614,4.401
IX901D,7.396
IX1514,5.08
IX1523,3.107
IX1134,6.017
IX1254,4.092
IX2784,5.6
IX2782,8.73
IX2985,3.564
IX1256,3.016
IX903D,6.17
IX1517,0.5
IX3301,2.558
IX1519,3.732
IX1516,6.5
6E6251,8.4
6E248,1.3
6E6297,5.65
6E2513,4.55
6E6528,7.512
6E198,7.4
6E563,3.85
6E6103,5.101
6E6749,4.255
6E715,5.114
6E958,8.026
6E135,5.8
6E874,6.933
6E6717,2.92
6E634,5.05
6E695,7.95
6E2137,5.151
6E9204,1.9
6E9056,7.703
6E1105,1.35
6E6339,2
6E7418,1.811
6E966,3.6
6E1631,5.55
6E202,2.8
6E5110,4.475
6E485,2.1
6E2248,7.85
6E2106,9.677
6E139,4.17
6E798,4.735
6E6179,3.4
6E212,1.506
6E6249,8.02
6E6088,6.789
6E2165,8.486
6E751,1.354
6E6214,1.952
6E496,3.821
6E6908,6.6
6E234,7.047
6E7087,1.985
6E856,5.167
6E5077,4.5
6E379,3
6E245,2.96
6E6710,6.05
6E235,6
6E7351,1.135
6E334,3.26
6E6616,0.351
6E6426,0.621
6E2119,5.094
6E326,7.9
6E6171,2.193
6E417,3.3
6E6134,1.7
6E242,7.292
6E1641,13.45
6E6514,7.6
6E476,8.3
6E5010,7.335
6E862,3.65
6E6314,8.551
6E723,5.332
AK64,8.71
EK571,23.733
EK573,33.178
FD121,5.804
B3700,7.545
VSR VENTURES,1.465
BS202,1.036
I7107,0.26
QP1562,4.2
QP1925,6.031
QP1802,2.35
QP1926,6.803
QP1141,8.17
9I751,2.227
BZ201,8.47
BZ308,1.05
AI2706,3.4
AI1832,6.4
AI2768,6
AI2644,8.061
AI2720,5.704
AI2536,5.351
AI2778,4.457
AI2772,6.65
AI2774,6.43
AI2410,5.754
AI2710,4.05
AI1832,5.347
AI2472,8.238
AI2708,5.2
AI1863,5.656
AI2482,5.14
MH185,9.924
MH185,10.826
TG339,6.066
TG314,3.806
IAF,9.61
IAF,1.14
SQ517,19.96
CG,1.365
IX1584,9.375
IX1517,1.65
IX1514,3.27
IX1256,2.37
IX2784,7.8
IX1521,0.738
IX556,5.07
IX1254,5.15
IX2782,5.97
IX1523,2
IX1134,6.843
IX1516,5.451
IX1519,5.05
IX1531,0.6
IX2985,8.95
6E245,2.2
6E6348,3.702
6E234,6.161
6E6528,3.65
6E235,5.73
6E6179,3.35
6E496,7.345
6E6426,6.589
6E9204,0.604
6E6514,5.95
6E563,4.05
6E7418,1.432
6E334,6.24
6E2119,7.2
6E2137,5.753
6E958,6.87
6E417,2.47
6E5077,4.6
6E6908,4.3
6E2106,9.93
6E379,5.946
6E326,6.407
6E715,6.2
6E5113,5.75
6E6297,5.97
6E7351,1.139
6E9206,0.509
6E6170,4.7
6E139,0.55
6E6249,4.786
6E7561,2.4
6E874,1.4
6E2513,6.15
6E201,6.75
6E751,2.3
6E6749,0.981
6E6749,3.185
6E6339,3.467
6E994,2.587
6E2165,6.25
6E6088,7.094
6E135,6.037
6E198,5.7
6E634,7.537
6E394,6
6E6616,0.8
6E6917,1.52
6E2248,8.2
6E6251,7.85
6E7087,1.599
6E1105,2.113
6E1641,12.114
6E6314,7.7
6E6717,2.45
6E1631,6.2
6E798,5.77
6E6171,2.825
6E6134,0.5
6E6214,2.16
6E723,5.2
6E856,2.3
6E485,1.4
6E292,7.1
6E695,8.101
6E862,3.62
6E476,9.069
6E5010,6.9
TK712,11.764
BH164,1.308
EK571,29.627
EK573,37.232
FD121,4.14
FD121,3.68
VHPFW,2.5
B3700,6.247
B3701,2.2
FZ462,16.554
BS346D,5.211
BS362,6.573
BS342,3.358
SL243,3.169
I7107,0.32
QP1926,3.353
QP1802,1.879
QP1141,8.451
9I751,2.905
9I755,1.5
9I725,1.375
BZ308,1.7
AI2768,6.002
AI2644,4.59
AI2720,5.655
AI2706,5.5
AI2778,8.45
AI2536,7.1
AI1874,5.63
AI2772,7.178
AI2774,7.452
AI2472,7.448
AI2482,5.05
AI2708,6.9
AI1863,5.95
AI2710,5.21
AI2410,6.697
TG314,7.248
SQ517,4.739
CG763,1.103
IX2985,8.4
IX1254,4.179
IX2782,8.55
IX1517,4.6
IX1584,7.541
IX2784,6.2
IX1521,3.825
IX2887,2.703
IX1256,2.691
IX1523,3.156
IX1519,4.102
IX1516,5.118
IX1516,6.5
IX1134,7.948
6E695,9.95
6E994,2.752
6E292,8.52
6E496,5.023
6E6514,5.15
6E198,6.6
6E417,2.8
6E874,8.35
6E6908,5.27
6E6348,0.3
6E6134,2.795
6E6616,1.41
6E798,4.067
6E6426,6.3
6E966,4.45
6E134,1.878
6E2106,11.826
6E6297,4.15
6E6339,4.821
6E2119,6.15
6E6249,8.22
6E7561,3.7
6E5113,5.948
6E326,5.25
6E9204,1.65
6E2513,5.45
6E5077,3.6
6E1631,5.3
6E2137,6.654
6E6214,1.98
6E245,6.5
6E6179,3.15
6E966,4.665
6E201,3.21
6E379,3.55
6E563,3
6E7351,1.354
6E6710,6.351
6E6088,7.176
6E6749,1.421
6E235,6.347
6E634,5.02
6E751,0.85
6E715,6.4
6E135,8.4
6E2165,6.927
6E2248,8.924
6E6251,7.75
6E485,1.9
6E958,7.471
6E7087,2.203
6E234,7.254
6E394,5.45
6E6528,5.75
6E1105,3.2
6E476,2.1
6E6717,2.5
6E723,6.25
6E5010,4.9
6E6171,2.8
6E1641,12.796
6E6314,7.75
6E462,3.3
AK62,8.566
AK64,11.079
BHA164,1.156
EK571,32.164
EK573,33.679
B3788,11.455
B3782,17.509
BS202,0.478
I7206,0.58
I7107,0.33
QP1562,4.15
QP1926,3.287
QP1802,2.95
QP1141,8.16
NS,1.85
9I957,1.773
9I755,2.195
BZ201,10.2
BZ803,7.2
KB211,1.462
AI2774,7.998
AI1832,7.75
AI2644,8.759
AI2720,5.599
AI2778,6.633
AI1874,4.8
AI2708,5.6
AI2410,6.85
AI2772,6.224
AI2536,5.65
AI2482,6.5
AI2768,5.3
AI2472,7.198
AI1863,5.353
AI2710,7
MH185,8.675
TG314,4.14
KE3605,2.969
CG763,1.047
IX2784,7.842
IX1584,8.7
IX1521,1.471
IX2931D,7.1
IX1254,5.334
IX2782,8.8
IX1517,2.454
IX1514,6.93
IX1134,5.32
IX1256,0.768
IX112R,7.381
IX1523,3.149
IX2985,6.785
IX1516,6.65
IX1519,3.7
6E7561,5.6
6E994,2.8
6E7418,1.159
6E5113,5.06
6E379,4.9
6E2106,11.38
6E6179,1.55
6E6249,7.807
6E6297,4.594
6E2137,7.7
6E7351,1.972
6E966,3.431
6E6514,3.35
6E563,1.768
6E245,5.796
6E2119,9.906
6E235,3.917
6E6339,3.559
6E6710,5.016
6E212,2.27
6E6088,3.4
6E1641,10.95
6E135,6.301
6E5077,1.45
6E9204,4.6
6E5010,6.93
6E234,6.014
6E6214,0.166
6E201,6.05
6E2165,5.415
6E6895,8.33
6E236,4.548
6E6348,0.65
6E334,0.25
6E496,6.2
6E874,1.565
6E198,7.6
6E715,7.874
6E634,2.6
6E862,3.554
6E6426,7
6E417,2.148
6E723,5.051
6E6251,7.231
6E7317,1.203
6E485,0.9
6E2248,7.57
6E6517,3.35
6E1631,3.484
6E6171,3.25
6E6528,7.6
6E476,8.212
6E394,4.8
6E6314,7.85
6E6908,4.58
6E292,7.845
6E7087,2.065
6E856,4.926
6E798,4.75
6E6717,0.575
6E6749,3.13
6E6616,3.897
6E1105,2.3
AK64,7.715
EK571,37.97
FD121,5.846
B3701,3.37
B3700,7.61
FZ462,15.284
SL243,4.463
QP1925,7.711
QP1926,6.81
QP1802,2.021
QP1562,4.452
QP1141,4.55
9I751,2.816
BZ268,1.706
BZ201,10.1
BZ803,5.9
AI2644,5.35
AI2710,5.9
AI2720,5.978
AI2536,5.163
AI2778,7.144
AI2768,6.75
AI1874,6.851
AI1832,8.63
AI2774,6.65
AI2772,5.842
AI2472,8.05
AI2708,6.534
AI2410,4.479
AI1863,7.75
AI2482,7.42
MH185,7.857
MH185,8.917
TG314,3.878
SQ517,6.7
CG,0.717
IX2784,5.35
IX1523,1.877
IX1584,8.852
IX1256,1.3
IX1514,4.6
IX1254,6.452
IX1531,1.4
IX1517,4.582
IX2782,8.45
IX3301,0.783
IX2985,5.95
IX1519,4.7
IX1516,6.26
IX1134,6.787
6E6179,1.8
6E7418,1.497
6E966,3.5
6E7561,0.201
6E2119,9.7
6E6348,0.45
6E6514,5.101
6E6297,3.184
6E5077,5.75
6E563,3.02
6E856,1.355
6E7351,0.824
6E5113,3.232
6E6710,6.848
6E2165,8.902
6E5010,0.528
6E235,6.246
6E292,8.13
6E201,11.25
6E715,6.726
6E245,3.862
6E6317,2.133
6E634,6.1
6E135,6.25
6E7087,2.575
6E1105,1.1
6E6249,7.7
6E9204,3.75
6E6426,6.76
6E695,7.85
6E334,3.917
6E958,6.262
6E6528,7.067
6E212,4
6E2106,9.755
6E6214,0.87
6E6339,1
6E2139,10.9
6E6616,1.872
6E394,7.7
6E751,1.78
6E417,3.1
6E485,1.32
6E496,4.353
6E6088,6.496
6E198,7.135
6E2513,5.7
6E139,3.039
6E326,7.15
6E6749,1.552
6E874,9.959
6E234,6.95
6E1631,2.12
6E6917,1.86
6e6908,3.252
6E798,4.94
6E6171,1.95
6E6314,7.558
6E6251,7.518
6E5010,5.848
6E6717,2.35
6E723,6.85
6E862,2.3
6E2248,8.681
6E1641,10.534
6E624,10.252
6E476,6.132
U4164,1.249
EK571,37.661
FD121,5.413
B3700,7.631
BS202,0.537
SL243,5.122
QP1926,5.345
QP1562,5.408
QP1802,4.5
QP1141,3.732
9I763,1.586
9I725,1.204
BZ201,10
BZ803,5.101
KB211,5.177
AI2772,6.08
AI2778,5.665
AI1832,7.823
AI1874,7.403
AI2644,6.73
AI2720,5.801
AI2472,6.85
AI2774,6.9
AI2708,6.4
AI1863,6.65
AI2768,6.5
AI2482,7.752
AI2410,4.19
AI1832,5.52
AI2710,7.062
TG314,3.173
SQ517,2.555
CG763,0.879
IX1584,5.707
IX1254,5.089
IX1517,1.35
IX1519,4.15
IX2985,4.88
IX1523,0.186
IX1516,6.606
IX2784,7.268
IX2782,5.8
IX1521,5.066
IX1134,6.6
IX1514,1.4
6E695,6.471
6E379,6.55
6E6088,6.169
6E2106,8.9
6E201,0.721
6E5113,5.84
6E6528,5.77
6E6134,0.4
6E139,1.1
6E135,7.006
6E394,4.35
6E994,0.635
6E6179,2.626
6E6710,10.073
6E7418,2.736
6E6616,1.58
6E344,3.322
6E6249,6.6
6E245,3.82
6E874,5.507
6E6297,4.546
6E715,7.13
6E2165,6.697
6E6749,1.7
6E201,4.55
6E6214,4.3
6E7561,1.05
6E6514,5.8
6E2119,6.052
6E563,1.85
6E234,3.934
6E2137,5.32
6E7351,1.667
6E326,8.912
6E9204,0.2
6E634,8.194
6E334,1.804
6E2513,4.2
6E198,7.063
6E6917,2.42
6E6171,1.45
6E6717,2.551
6E417,3.782
6E234,5.928
6E6908,5.522
6E292,8.189
6E958,6.82
6E6251,5.846
6E485,0.75
6E7087,3.272
6E476,5.5
6E6339,0.769
6E1631,2.4
6E757,7.8
6E6426,6.681
6E1105,2.098
6E862,1.673
6E723,6.797
6E5010,2.551
6E6314,8.126
6E1641,10.07
6E2248,8.5
6E798,3.9
6E856,2.1
AK62,7.93
AK64,7.83
EK573,32.206
EK571,32.673
FD121,4.319
B3700,6.922
QP1802,4.9
QP1926,6.065
QP1562,4.149
QP1925,7.2
QP1141,5.5
9I763,2.219
9I755,2.4
9I751,2.614
Maint,1.776
BZ803,5.85
BZ201,7.1
AI2536,5.651
AI2772,6.175
AI2720,5.84
AI2706,5.82
AI2472,1.2
AL2778,3.45
AI1747,8.25
AI2706,5.37
AI1863,6.5
AI2710,7.581
AI2768,6.25
AI2708,8.35
AI2774,5.049
AI1874,5.06
AI2410,5.8
AI2482,5.761
AI1832,6.658
TG314,2.065
SQ517,12.15
CG,0.98
IX1256,3.176
IX2782,8.675
IX1584,5.7
IX1254,3.153
IX1517,1.796
IX1523,0.803
IX2784,7.84
IX1134,7.3
IX1519,4
IX1057,7.024
IX2985,6.951
IX2985,1.295
IX1531,0.24
IX1514,2.52
IX1516,6.454
6E2119,5.152
6E723,3.4
6E634,2.201
6E6179,3.862
6E2137,5.375
6E6088,5.649
6E198,5.5
6E326,6.05
6E994,2.75
6E6339,3.8
6E7317,0.45
6E966,0.65
6E695,6.85
6E958,4.376
6E7561,0.4
6E6710,5.6
6E496,7.6
6E715,6.4
6E245,4.603
6E139,0.481
6E235,5.91
6E379,4.39
6E5113,4.702
6E135,6.6
6E334,3.25
6E2106,8.064
6E6514,0.5
6E2513,4.969
6E292,8.208
6E5077,5.072
6E6297,5.13
6E6214,4.6
6E7351,0.543
6E201,7.77
6E234,6.467
6E6749,1.402
6E6246,7.408
6E563,3.181
6E212,3
6E798,6.502
6E6717,3.05
6E2165,0.7
6E6528,4.095
6E6917,0.3
6E1105,0.25
6E1631,2.75
6E6251,8.592
6E874,1.3
6E417,4.048
6E394,5.03
6E5010,3.708
6E7087,2.161
6E2248,9.139
6E6134,0.5
6E751,0.6
6E1641,9.2
6E6616,2.03
6E476,5.932
6E6908,4.338
6E485,0.65
6E6314,8.149
6E862,3.25
AK64,14.026
BH164,1.194
EK571,26.91
B3700,7.048
FZ462,14.338
BS342,5.754
BS334,5.686
BS326,6.597
SL243,6.412
QP1926,2.58
QP1802,3.028
QP1562,3.936
QP1141,4.515
S,2.182
9I755,1.634
BZ308,2.65
BZ201,8.301
BZ803,6.501
KB211,1.818
AI2778,6.15
AI2472,6.3
AI2772,5.28
AI2644,5.95
AI2410,5.498
AI1874,4.13
AI2720,5.55
AI2768,6.5
AI2536,5.08
AI2710,5.38
AI2410,4.6
AI2708,7.35
AI1863,6.42
AI1832,6.8
AI2774,6.23
MH185,10.141
TG314,7.41
VENKATESHWARA,2.102
KD726,0.825
H1175,2.189
SQ517,7.858
CG,0.998
IX1584,5.23
IX3301,1.601
IX1523,0.34
IX1531,0.669
IX2784,8.688
IX1256,2.327
IX1514,4.452
IX1517,4.3
IX2782,6.8
IX1254,3.647
IX1516,5.5
IX2985,3.826
IX1519,3.951
IX1134,6.195
6E5077,4.65
6E6616,4.1
6E212,1.7
6E6710,4.7
6E245,3.2
6E235,6.548
6E2513,3.744
6E6314,8.328
6E326,8.45
6E723,5.83
6E476,4.12
6E7561,0.35
6E7351,2.1
6E9204,2.8
6E292,6.383
6E6426,6.616
6E6179,4.114
6E6339,3.6
6E394,6.7
6E1105,1.47
6E2137,4.356
6E496,4.15
6E198,4.902
6E201,4.25
6E6297,6.03
6E7317,3.35
6E334,4.7
6E715,5.815
6E234,6.4
6E6908,6.586
6E139,3.15
6E6514,6.109
6E6214,2.551
6E1631,1.55
6E563,2.214
6E6088,4.857
6E5113,5.566
6E135,5.897
6E2119,6.24
6E966,3.1
6E379,6.4
6E2106,8
6E751,0.815
6E634,4.5
6E798,5.321
6E5010,6.7
6E6749,3.75
6E417,4.3
6E2165,8.326
6E874,8.3
6E695,9.102
6E6139,3.8
6E6171,0.71
6E856,4.05
6E862,4.218
6E1641,11.4
6E2248,7.736
6E6717,0.1
6E6251,1.52
6E7087,3.167
6E485,2.311
TK712D,13.467
TK712D,3.735
EK571,26.213
EK573,35.305
B3700,8.341
BS334D,3.655
BS202,1.003
BS322D,4.516
MXD161D,14.961
QP1562,4.636
QP1802,3.62
QP1925,6.13
QP1952,4.708
QP1141,7.593
9I751,2.431
BZ201,8
BZ803,6.9
AI2410,4.337
AI2472,6.732
AI2708,6.197
AI2778,8.991
AI2710,1.901
AI2706,3.55
AI1874,5.73
AI2536,4.304
AI2768,5.4
AI2644,8.85
AI2720,6.5
AI2772,5.701
AI2774,5.3
AI1863,3.57
AI2482,5.56
MH185,10.692
TG314,5.659
IAF,1.031
SQ517,10.777
IX1134,8.15
IX1514,1.75
IX1521,2.982
IX1256,2.826
IX1584,4.764
IX1517,2.28
IX2782,6.3
IX1254,5.535
IX2985,6.508
IX2784,8.581
IX1523,2.781
IX1531,0.64
IX1519,3.33
IX1516,7.05
6E9204,0.15
6E5010,7.2
6E6251,7.68
6E6426,4.867
6E1631,3.37
6E212,4.424
6E2248,7.83
6E966,2.715
6E6917,5.141
6E235,5.2
6E2165,7.4
6E2106,9
6E496,6.603
6E245,4.97
6E9206,5.876
6E757,6.891
6E334,4.239
6E6339,1
6E6179,3.441
6E715,5.433
6E5113,2.245
6E6710,5.406
6E6297,4.655
6E695,8.45
6E6348,1.08
6E563,4.45
6E874,1.45
6E379,2.285
6E751,0.25
6E6514,6.287
6E5077,1.805
6E292,7.53
6E135,2.254
6E634,6.851
6E139,3.041
6E7351,2.024
6E6749,0.8
6E6171,2.651
6E2513,3.453
6E1015,11
6E2119,4.65
6E2137,7.151
6E198,7.7
6E994,4.151
6E6528,6.73
6E958,6.795
6E7561,5.548
6E326,8
6E723,7.019
6E6088,6.3
6E624,8.58
6E1641,11.8
6E201,6.2
6E417,3.703
6E6616,2.6
6E394,3.7
6E862,4.95
6E1105,2.367
6E798,6.7
6E856,0.575
6E6717,2.754
6E7087,2.126
6E6908,6.241
6E234,6.227
6E6134,0.75
6E1087,6.492
6E6314,0.755
6E476,8.023
6E6785,1.55
AK64,14.001
U4164,1.026
EK573,44.701
EK571,28.867
FD121,2.963
B3701,6.761
B3700,8.818
NS,1.182
FZ462,16.374
BS362D,5.623
SL243,4.572
QP1802,3.76
QP1926,2.67
QP1573,8.829
9I725,1.843
9I751,2.1
BZ308,0.3
AI2536,4.25
AI2410,5.666
AI2720,5.336
AI1863,5.773
AI2644,4.081
AI2778,4.43
AI1874,4.05
AI2706,4.351
AI2472,6.334
AI2482,4.95
AI2772,5.039
AI2710,5.458
AI2708,4.83
AI2774,6.5
AI2768,5.05
AI1832,1.13
AI1832,2.7
MH185,11.1
TG314,4.709
IX2782,8.9
IX1517,2.1
IX2985,8.269
IX3301,1.301
IX1237,7.979
IX1584,5.95
IX1134,7.9
IX1519,3.9
IX1514,2.45
IX1523,3.042
IX1239D,7.422
IX2784,7.55
IX1256,3.7
IX1521,2.95
IX1516,6
IX1254,2.122
IX1531,1.346
6E394,4.052
6E958,2.15
6E798,6.72
6E6717,3.4
6E201,7.684
6E496,7.582
6E139,2.5
6E856,3.856
6E6908,4.1
6E1641,10.126
6E2513,4.25
6E757,7
6E2137,9.8
6E292,7.673
6E822,0.107
6E6717,0.7
6E7561,4.254
6E326,5
6E966,0.45
6E6710,5.25
6E6616,1.63
6E379,5.75
6E994,3.041
6E6339,0.45
6E6749,1.482
6E7087,1.338
6E7351,1.663
6E6785,0.45
6E6134,1.354
6E6297,5.54
6E2248,7.403
6E6528,7.1
6E417,3.3
6E6171,2
6E476,7.6
6E6314,5.4
6E5113,4.6
6E1105,0.29
6E874,6.558
6E1087,7.68
6E2165,7.999
6E6088,4.21
6E634,3.2
6E6179,2.24
6E5010,6
6E485,2
6E563,1.5
6E723,6.15
6E751,0.702
6E715,4.6
6E2119,7.95
6E135,3.342
6E235,4.55
6E334,0.453
6E234,6.082
6E1631,2.957
6E198,6.843
6E6426,6.25
6E6917,4.2
6E6251,8.333
6E9204,1.2
6E695,8.151
6E5077,3.7
6E6514,2.861
6E6348,0.17
6E2106,8.812
6E245,7.6
6E862,4.7
AK64,10.578
AK62,12.387
U4164,0.937
EK573,34.287
EK571,27.875
FD121,3.275
B3700,8.342
B3776,14.234
BS202,0.712
BS362,6.113
NS,5.258
QP1802,4.25
QP1926,2.238
QP1141,4.3
QP1562,4.2
QP1141,4.1
9I973,2.905
9I755,1.921
BZ201,10.4
BZ308,5.35
AI2772,5.66
AI2720,5.779
AI2644,5.799
AI2768,3.53
AI2536,2.692
AI2778,7.34
AI2774,5.69
AI2472,6.148
AI2708,4.664
AI2706,4.26
AI1874,2.15
AI2482,7.64
AI1863,1.75
AI2410,5.6
AI2710,6
MH185,11.064
TG314,3.826
SQ517,12.3
CG763,0.866
IX2782,8.35
IX1516,6
IX1254,4.913
IX1584,7.75
IX1514,3.72
IX2985,4.902
IX1256,3.231
IX1519,3.6
IX1531,0.8
IX2784,7.85
IX1522,0.789
IX1134,7.4
6E379,3.455
6E2106,8.8
6E6513,4.651
6E6514,5.261
6E1015,11.85
6E326,5.862
6E245,6.2
6E715,6.957
6E417,4.613
6E2119,5.88
6E6785,3.55
6E2137,3.75
6E496,8
6E966,3.3
6E7561,3.65
6E1631,6.36
6E6088,6.152
6E6426,6.182
6E862,3.15
6E6171,0.242
6E334,4.058
6E234,6.6
6E1105,2.2
6E5077,5.95
6E6749,1.5
6E874,2.7
6E798,5.78
6E2513,3.071
6E2165,8.1
6E135,7.33
6E292,7.704
6E139,5.7
6E6710,4.78
6E394,4.85
6E634,4.842
6E201,6.887
6E6297,3.6
6E994,1.6
6E6339,4.847
6E5113,3.978
6E6528,6.702
6E6908,7.92
6E7351,1.748
6E6179,5.18
6E235,5.15
6E7087,1.552
6E6214,1.95
6E198,7.464
6E6251,6.402
6E757,6.82
6E6917,3.7
6E695,9.505
6E485,1.986
6E6616,2.2
6E7317,4.301
6E624,6.651
6E723,3.906
6E2248,7.2
6E6314,7.64
6E6717,3.174
6E476,6.047
6E5010,4.05
6E856,0.35
6E1641,10.25
AK64,11.239
EK571,28.602
FD121,2.5
B3701,1.88
B3700,8.118
FZ462,13.75
SL243,5.862
NS,2.8
QP1562,3.65
QP1925,8.82
QP1802,4.2
QP1926,5.7
QP1141,5.02
VZ771,5.162
BARREL,4.1
9I751,2.848
BD201,7.7
BZ308,1
BD803,8.103
KB211,7.83
AI2644,5.005
AI2706,5.65
AI2720,5.85
AI2772,6.85
AI2778,6.231
AI2536,5.251
AI2708,4.522
AI1874,5.934
AI1863,3.9
AI2774,5.738
AI2472,5.599
AI2768,5.4
AI1832,5
AI2482,6.633
AI2410,6.118
AI2710,4.935
MH185,10.512
NS,0.175
TG314,3.93
SQ517,10.47
CG763,0.667
IX1517,3.8
IX1254,3.22
IX1584,9.75
IX1521,0.763
IX1256,3.21
IX1789,7.794
IX2782,8.45
IX1134,8.15
IX1523,2.55
IX1514,3
IX2985,9.25
IX1531,2.95
IX1519,2.681
IX3301,0.905
IX1516,6.2
6E201,4.9
6E6179,3.684
6E212,1.38
6E563,4.55
6E139,1.05
6E6785,2.98
6E6297,7.397
6E9204,0.912
6E966,0.42
6E7351,1.561
6E5077,6.251
6E695,7.654
6E326,6.895
6E379,8.15
6E245,4.1
6E2106,8.214
6E6214,2.521
6E5113,4.3
6E235,6.94
6E994,1.203
6E135,8.781
6E2119,8.731
6E334,4.745
6E496,8.96
6E2137,3.501
6E6749,3.5
6E6088,6.95
6E5010,9.77
6E198,6.52
6E715,5.5
6E6134,0.361
6E485,2.221
6E6717,2.824
6E1105,4.172
6E6251,7.75
6E6917,3.101
6E6710,4.554
6E958,7.757
6E292,8.13
6E862,4.95
6E7087,1.565
6E624,7.2
6E6171,0.965
6E1631,17.763
6E6339,0.65
6E751,0.945
6E2165,13.43
6E6528,6.851
6E2513,4.778
6E6908,6.158
6E874,1.9
6E757,6.93
6E6616,3.05
6E2248,8.5
6E7317,0.271
6E798,4.9
6E234,6.9
6E634,6.6
6E394,6.36
6E417,1.05
6E6426,6.15
6E1015,10.43
6E6314,8.3
6E476,8.684
6E723,6.65
6E1641,15.299
UA164,1.225
EK571,29.269
FD121,3.718
B3700,7.351
NS,0.694
BS202,0.813
SL243,5.917
QP1802,3.82
QP1562,4.982
QP1926,3.451
QP1141,4.85
VZ771,5.614
9I725,1.545
9I763,1.604
BZ803,7.4
BZ201,8.6
KB211,6.12
AI2706,6.565
AI2772,6.844
AI2708,6.65
AI2720,5.432
AI2472,7.712
AI2774,6.15
AI2482,5.65
AI2644,6.2
AI2710,4.5
AI1874,6.519
AI1832,2.06
AI2410,5.563
AI2536,3.4
AI2778,6.45
AI1832,6.403
AI1863,7.3
AI2768,6.02
TG314,5.519
CG763,0.872
IX1584,8.841
IX1254,3.861
IX2784,7.592
IX1519,5.2
IX1516,5.803
IX1256,2.342
IX1517,6.35
IX1523,2.8
IX2782,8.93
IX1514,0.63
IX2985,6.247
IX1134,7.749
IX2893,2.552
6E6179,4.07
6E958,7.4
6E245,6.836
6E6710,4.718
6E7317,0.501
6E292,5.965
6E1641,14.981
6E1015,12
6E6348,0.15
6E856,4.733
6E344,0.6
6E715,5.93
6E234,6.2
6E485,2.4
6E723,7.524
6E2248,9.15
6E2119,10.4
6E7351,1.596
6E6749,1.665
6E862,3.6
6E5010,6.902
6E6088,4.85
6E2165,10.5
6E966,3.8
6E394,5.296
6E135,5
6E7561,4.35
6E634,4.6
6E6339,0.502
6E757,4.576
6E1105,3.453
6E5113,5.85
6E139,2.528
6E563,4.215
6E798,6.151
6E6528,2.348
6E344,1.106
6E212,2.75
6E6908,5.823
6E379,5.72
6E5077,5.752
6E6717,2.472
6E6426,6.058
6E6297,6.107
6E6134,1.35
6E235,4.9
6E874,4.52
6E6514,7.202
6E201,0.466
6E2106,10.55
6E198,5.55
6E6785,3.33
6E2137,11.323
6E6616,4.15
6E6251,7.451
6E7087,1.16
6E6314,6.684
6E6171,2.32
6E695,8.304
6E1087,16.01
6E1631,12.428
6E476,2.349
6E9204,2.85
AK64,11.53
AK62,8.022
EK571,34.816
EK573,34.645
FD121,6.378
B3700,8.008
YG9049,31.012
QP1925,11.6
QP1141,6.1
QP1802,5.1
QP1562,3.786
QP1926,8.31
VN0036,6.645
BARREL,1.64
9I763,2.879
9I751,2.396
9I755,1.945
BZ368,2.683
BZ308,1.651
BZ201,12.6
BZ803,8.4
AI2720,6.201
AI2778,5.589
AI2772,7.9
AI2536,4.651
AI2482,6.73
AI2706,6.132
AI1874,4.149
AI2768,6.05
AI2644,8.532
AI2472,7.495
AI2774,4.933
AI2708,5.551
AI2710,2.24
AI1863,5.933
AI2410,4.83
TG314,8.353
IAF,1.015
SQ517,12.67
IX2985,7.6
IX2782,8.631
IX1517,4.65
IX1523,1.129
IX1584,9.8
IX2784,7.277
IX1519,3.85
IX1134,7.2
IX1254,4.8
IX1521,0.35
IX1253,2.522
IX1514,1.731
IX1531,1.961
IX1516,5.96
6E326,7.643
6E235,8.247
6E198,7.152
6E6917,2.2
6E245,5
6E334,5.25
6E6710,6.501
6E476,8.2
6E715,7.33
6E2165,6.021
6E2106,12.304
6E6297,4.1
6E563,3.45
6E6785,8.871
6E6528,4.5
6E6214,2
6E2119,8.1
6E6908,4.415
6E7561,2.701
6E135,9.85
6E6088,6.196
6E634,7.37
6E139,2.5
6E7351,1.789
6E751,1.05
6E5113,4.895
6E379,4.17
6E201,6.065
6E6514,4.178
6E212,1.57
6E822,1.404
6E2137,10.13
6E6179,1.65
6E496,6.4
6E874,7.725
6E1105,0.55
6E1631,11.536
6E394,6.649
6E6717,2.3
6E1087,15.393
6E6251,7.471
6E292,6.912
6E6339,3.1
6E2513,3.563
6E695,8.576
6E7087,2.045
6E417,2.132
6E6616,0.892
6E6749,3.2
6E485,2.675
6E6426,5.05
6E757,8.206
6E234,0.936
6E798,6.9
6E6171,2.61
6E624,5.982
6E2248,8.8
6E6134,0.95
6E862,4.514
6E1641,17.44
6E6314,8.25
6E5010,8.773
6E7317,1.5
6E1015,11.743
6E856,7.4
6E723,6.15
AK64,10.48
BHA164,1.051
EK571,33.702
B3700,7.576
B3701,5.837
VSR VENTURES,1.088
FZ462,15.813
SL243,6.305
I7107,0.59
QP1562,5.567
QP1802,4.685
QP1926,3.1
QP1141,1.485
VZ771,3.503
NS,0.662
BZ308,0.4
BZ201,9.3
BZ803,7.601
KB211,1.321
AI2778,5.15
AI1874,4.45
AI2720,6.892
AI2644,4.876
AI1832,7.94
AI2536,5.113
AI2706,4.15
AI2742,7.227
AI2772,6.801
AI2482,6.9
AI2708,6.4
AI2410,7.4
AI2710,6.509
AI2768,4.75
AI2774,7.038
AI1863,4.805
MH185,10.95
TG314,4.778
INDIAN_NAVY,1.025
SQ517,14.029
CG763,0.665
IX1584,5.1
IX2782,9.13
IX1254,6.444
IX1517,4.599
IX1134,7.032
IX3301,2.274
IX1256,2.994
IX2784,8.25
IX1531,2.45
IX2985,7.175
IX1523,1.43
IX1519,4.2
IX1516,6.097
IX1514,3
6E9204,1.25
6E7087,2.869
6E2165,12.1
6E6171,1.445
6E6179,1.974
6E139,4.14
6E245,7.288
6E6514,4.981
6E2119,7.979
6E496,5.779
6E201,7.3
6E6348,1.002
6E2106,9.722
6E5113,7.3
6E6616,2.84
6E563,6.05
6E379,6.9
6E757,8
6E715,7.7
6E7351,1.826
6E7317,1
6E994,1.42
6E2513,4.9
6E326,6.45
6E6088,6.48
6E476,1.2
6E966,1.594
6E6785,4.8
6E7561,1.55
6E6297,8.619
6E1015,10.44
6E6908,8.5
6E634,8.75
6E394,7.22
6E751,1.4
6E417,3.917
6E198,7.875
6E235,6.273
6E6749,1.65
6E6710,6.601
6E1631,14.874
6E334,4.032
6E1105,1.91
6E6214,2.2
6E5077,5.014
6E6917,2
6E1087,14.5
6E874,1.32
6E135,7
6E6339,5.1
6E485,2.8
6E798,5.28
6E862,4.798
6E6134,0.35
6E6528,7.399
6E292,11.334
6E234,6.455
6E6426,6.1
6E6251,8.351
6E6717,2
6E723,5.85
6E695,9.263
6E 6314,8.156
6E2248,8.159
6E2137,8.104
6E212,1.08
6E5010,7.05
6E1641,17.85
AK64,10.263
EK571,27.672
EK573,49.274
FD121,9.451
B3700,6.743
BS202,1.087
RPS AVIATION,0.523
QP1562,4.035
QP1802,2.65
QP1925,5.064
QP1926,6.95
QP1141,8.199
9I751,3.084
BD308,2.3
BZ201,8.4
AI2772,5.55
AI1832,6.75
AI2720,6.45
AI2482,7.452
AI2774,6.55
AI2644,6.15
AI2536,6.272
AI2778,5.6
AI2706,2
AI2768,2.851
AI2708,5.241
AI 1874,3.4
AI2410,5.7
AI1863,3.55
AI2472,5.257
AI2710,4.85
MH185,11.4
TG314,5.281
IX1517,3.43
IX2782,8.357
IX1254,2.715
IX2782,9.009
IX1521,2.62
IX1584,7.9
IX1514,2.98
IX1531,2.1
IX1256,3.189
IX1523,2.483
IX1516,7.001
IX1134,8.744
IX2985,6.913
IX1519,3.45
6E6297,7.35
6E212,4.599
6E1087,15.4
6E9204,1.4
6E563,7.417
6E201,7.802
6E1015,13.1
6E7351,1.201
6E139,3.348
6E6088,8.327
6E6426,7.456
6E6179,5
6E2106,9.311
6E379,7.342
6E6348,1.5
6E6251,8.3
6E5113,8
6E6514,2.196
6E496,5.135
6E5077,6.48
6E2119,10.15
6E6710,6.038
6E292,7.582
6E476,7.621
6E326,6.223
6E6908,6.55
6E1105,2.95
6E417,4.106
6E2513,4.658
6E6749,1.45
6E6917,2.101
6E334,5.2
6E6616,2.15
6E7087,2.481
6E862,4.26
T,0.749
6E757,8.95
6E1631,11.203
6E751,0.42
6E2165,8.95
6E135,6.55
6E485,3.001
6E6717,2.65
6E634,6.62
6E7317,0.751
6E6339,3.75
6E958,8.13
6E715,6.95
6E1641,15.454
6E235,7.051
6E198,7.032
6E394,7.032
6E874,1.131
6E6528,5.6
6E2248,8.265
6E798,5.453
6E695,9.151
6E723,6.339
6E624,6.532
6E5010,7.112
6E6214,1.751
6E6314,7.95
6E234,7.505
6E6171,1.87
U4164,1.047
EK571,31.663
EK573,48.654
FD121,4.887
FD121,3.679
B3701,4.272
B3700,8.824
FZ462,18.01
BARREL,2.05
SL243,6.378
NS,2.146
QP1925,3.687
QP1802,5.121
QP1141,5.4
BARREL,2.05
9I725,1.583
9I751,2.673
9I755,2.05
S,0.4
AI2644,3.6
AI2410,5.902
AI2774,6.972
AI2720,7.252
AI1863,5.733
AI2706,3.102
AI2772,5.56
AI1874,3.46
AI2472,7.194
AI2778,4.58
AI2536,3.901
AI1832,2.7
AI2768,3.4
AI2708,5
AI2482,8.73
AI1832,2.3
AI2710,4.4
MH185,12.116
TG314,4.61
CG751,1.456
IX1254,6.05
IX1523,1.656
IX1134,7.9
IX1531,2.545
IX2985,7.69
IX1519,1.6
IX1516,5.885
IX1521,2.419
IX1584,7.795
IX2784,8.733
IX1517,5.028
IX1256,3.25
IX1514,4.04
IX2782,8.9
IX3301,2.32
6E7087,1.933
6E563,8.4
6E476,8.05
6E2248,8.812
6E6249,5.784
6E2119,7.206
6E892,4.952
6E6251,7.95
6E5253,1.05
6E966,1.3
6E139,3.5
6E6348,0.15
6E334,5.2
6E6214,2.6
6E292,8.25
6E6134,0.575
6E5077,6.375
6E6785,2.768
6E789,8
6E417,2.557
6E634,5.465
6E9204,0.95
6E2513,7.85
6E1105,2.35
6E485,2.15
6E2187,7.5
6E6171,1.2
6E958,7.45
6E2165,8.376
6E135,6.95
6E201,5.151
6E212,5.03
6E6917,2.629
6E6297,6.931
6E994,0.85
6E7351,2.094
6E6179,3.902
6E5113,7.567
6E6749,0.319
6E6908,6.621
6E715,7.35
6E5253,6.45
6E6514,5.1
6E6616,1.4
6E6710,5.932
6E6339,3.55
6E379,7.5
6E235,7
6E326,7.605
6E6088,7.4
6E751,2.131
6E948,2.2
6E2106,9.636
6E2137,6.358
6E695,7.85
6E874,7.181
6E2602,7.134
6E114,6.25
6E6528,7.15
6E757,5.64
6E234,7.352
6E6426,6.15
6E6717,3.1
6E798,4.83
6E856,4.95
6E512,0.45
6E6721,7.8
6E1015,12.188
6E1631,9.15
6E1087,13.255
6E723,6
6E862,3.85
6E1641,13.42
6E6314,7.933
6E5010,7.308
6E496,8.161
6E198,6.929
AK64,11.931
AK62,11
U4164,1.14
EK571,29.506
EK573,32.103
FD121,3.037
B3700,7.7
B3701,3.315
BS202,0.782
NS,0.65
QP1926,5.62
QP1802,5.943
QP1562,5.65
QP1141,2.781
VZ771,2.75
9I 755,2.045
BZ201,7.65
AI1874,3.751
AI2536,1.92
AI2472,6.1
AI2706,1.45
AI2720,4.876
AI2778,3.325
AI 2482,6.249
AI2768,2.751
AI2644,7.8
AI2772,6.45
AI1863,0.7
AI 2708,4.3
AI2774,5.551
AI2710,3.55
AI2410,5.72
TG314,6.8
SQ517,12.858
CG763,0.943
CG763,0.151
CG,0.34
IX1584,2.6
IX1517,6.96
IX1514,4.465
IX1523,1.059
IX2782,8.93
IX1521,1.22
IX1254,6.586
IX1519,2.75
IX2784,10.406
IX1516,6.5
IX1134,7.221
IX1256,1.607
IX2985,7.346
6E2119,8.7
6E326,5.847
6E6171,2.15
6E6088,5.62
6E966,0.35
6E334,3.665
6E198,6.75
6E 6314,7.63
6E6908,7.28
6E6785,0.8
6E563,5.922
6E634,5.88
6E139,1.8
6E7351,2.129
6E6528,5.9
6E2165,10.331
6E6348,1.51
6E948,3.682
6E2602,7.55
6E5113,7.18
6E6710,4.623
6E135,7.629
6E6514,5.17
6E5253,0.55
6E2137,6.7
6E2156,10.872
6E292,7.417
6E892,7.25
6E496,6.786
6E6179,4.729
6E212,0.3
6E2513,3.9
6E417,5.201
6E6214,1.907
6E6917,2.751
6E6339,3.301
6E789,6.796
6E856,5.68
6E798,4.9
6E1015,9
6E715,7.47
6E5077,5.282
6E6749,1.051
6E201,7.472
6E292,0.96
6E485,2.15
6E234,5.8
6E6249,7.2
6E6297,7.65
6E379,6.871
6E695,7.446
6E6426,5.95
6E9204,3.7
6E874,1.3
6E 114,6.95
6E6616,3.8
6E7087,2.256
6E512,1.15
6E6251,7.75
6E2248,8.45
6E 2157,6.67
6E1631,10.55
6E6717,3.461
6E757,7.627
6E6721,6.798
6E862,4.4
6E5010,6.838
6E723,6.031
6E1641,9.923
6E476,7.8
AK64,13.797
EK571,32.002
B3701,2.039
B3700,7.456
FZ462,15.821
SL243,3.904
NS,0.413
VZI 535,3
NS,0.2
QP1925,3.48
QP1802,4.89
QP1926,5.22
QP1562,3.25
QP1141,3.181
9I721,1.39
9I 751,2.539
BZ308,1.2
BZ201,9
AI2644,5.3
AI2536,5.1
AI 1832,1.96
AI2720,5.1
AI2772,7.1
AI2706,2.61
AI2778,5.04
AI1863,2.85
AI2472,5.9
AI2774,5.437
AI2708,4.1
AI2410,5.129
AI2768,1.802
AI1874,1.68
AI2482,6.38
AI2710,1.15
MH 185,14.401
MH185,13.918
TG 314,7.285
SQ517,11.5
IX2782,8.72
IX1256,2.917
IX1254,1.71
IX 1584,10.05
IX1521,1.913
IX3301,2.273
IX1517,2.35
IX2784,7.45
IX1134,5.8
IX1514,4.35
IX1523,0.981
IX1519,2.19
IX1516,6.9
IX2985,9.319
6E6785,3.55
6E6710,5.002
6E7351,1.885
6E139,0.353
6E751,2.1
6E822,0.56
6E6348,0.377
6E5077,5.02
6E 6249,5.75
6E135,5.3
6E715,6.37
6E6514,5.3
6E496,5.8
6E212,4.2
6E948,1.42
6E6179,6.201
6E379,7.85
6E2165,9
6E6616,2.1
6E9204,3.55
6E 2106,9.248
6E334,3.8
6E326,8.62
6E 5113,9.016
6E966,0.8
6E6088,6.1
6E6214,3.501
6E6297,7.65
6E201,11.8
6E235,6.55
6E2119,7.5
6E 1015,11.1
6E634,7.55
6E114,2.45
6E6717,3.2
6E476,8.8
6E892,4.75
6E958,7.619
6E2187,6.851
6E798,5.4
6E874,1.7
6E417,3.85
6E292,9.147
6E485,0.85
6E7087,1.967
6E757,7.477
6E6528,6.35
6E6171,2.65
6E234,7.7
6E862,4.75
6E723,6.1
6E5010,6.504
6E2248,9.114
6E1631,12.251
6E563,6.2
6E695,7.801
6E6917,3.1
6E2513,2.95
6E6251,9.05
6E6721,7.049
6E6426,6.9
6E6908,6.883
6E6339,3.868
6E198,7.451
6E6749,3.189
6E789,7.6
6E7317,3.151
6E856,2.352
6E512,0.681
6E6134,2.4
6E6314,8.2
6E1107,3.41
6E2602,6.759
6E1641,15.699
6E994,0.8
U4164,1.064
EK571,34.9
FD 121,4.759
B3701,8.33
B3700,4.974
BARREL,2.05
BS202,1.515
SL 243,6.839
NS,2.55
QP1562,5.751
QP1802,2.78
QP1926,8
QP1141,2.809
VZ771,3.179
9I725,0.518
9I763,1.485
BZ201,8.3
KB211,5.063
AI2536,3.82
AI2772,4.35
AI2768,4.415
AI2644,4.596
AI2472,6.8
AI1832,4.9
AI2706,5.18
AI2778,3.9
AI1874,2.93
AI2720,6.886
AI2710,6.3
AI1863,1.46
AI2708,2.48
AI2774,5.54
AI1832,6
AI2410,6.634
AI2482,4.68
TG314,7.285
SQ517,2.583
CG763,0.755
IX3301,3.557
IX1521,1.2
IX2782,9.07
IX1517,4.847
IX1584,9.065
IX1254,7.768
IX2784,8.52
IX2985,6.8
IX1514,3.88
IX1134,7.1
IX1516,7.5
IX1531,0.86
IX1523,1.285
IX1519,4.1
6E862,3.52
6E6185,2.2
6E892,6.65
6E757,7.542
6E695,8.047
6E856,4.301
6E948,8.6
6E139,1.401
6E1015,12.764
6E2119,9.454
6E6088,8.5
6E715,8.2
6E1087,18.72
6E6249,7.055
6E9204,0.25
6E5113,5.226
6E496,3.843
6E198,6.109
6E201,5.133
6E334,5
6E6426,6.451
6E2165,5.886
6E6077,5.017
6E563,6.45
6E6214,4
6E326,5.734
6E2513,4.75
6E6297,7.489
6E2106,10.051
6E6179,1.5
6E1631,11.105
6E7351,1.86
6E212,3.55
6E6514,3.856
6E5253,0.25
6E1105,1.152
6E789,7.4
6E994,2.23
6E135,7.428
6E6710,4.62
6E958,7.452
6E6339,3.65
6E874,2.5
6E634,7.36
6E235,5.256
6E751,0.55
6E6616,1.537
6E417,3.904
6E6908,6.917
6E379,6.753
6E2602,8.423
6E2187,6.81
6E723,5.346
6E234,7.4
6E6314,7.95
6E485,2.07
6E512,2.3
6E6717,2.873
6E6251,7.7
6E5010,7.336
6E7087,2.45
6E292,6.45
6E798,4.951
6E114,5.47
6E6721,7.2
6E6171,2.659
6E6528,7.331
6E476,7.95
6E1641,16.959
6E6749,5.801
6E2248,8
AK64,12.081
AK64,9.677
EK571,32.059
EK573,36.844
FD121,10.917
B3700,7.22
B3701,5.606
S,4.1
YG9049,30.067
S,0.143
QP1802,2.808
QP1562,6.28
QP1925,6.44
QP1926,5.42
QP1141,5.898
9I755,1.408
9I764,2.178
9I763,2.935
BZ803,7.5
BZ201,8.9
AI2644,5
AI2720,7.459
AI2772,5.912
AI1874,2.063
AI2706,0.55
AI2410,4.232
AI2774,7.125
AI1863,5.221
AI2536,3.377
AI1832,4.33
AI2472,7.132
AI2708,5.43
AI2710,3.428
AI2768,3.37
AI2482,7.964
AI2778,4.604
TG314,8.274
SQ517,12.071
CG763,2.05
NS,0.58
IX2782,9.651
IX1254,3.12
IX1256,2.901
IX1517,4.6
IX1584,9.551
IX1521,1.053
IX1516,8.7
IX2784,8.559
IX1514,2.34
IX2985,6.17
IX1134,7.55
IX1523,0.865
IX1531,0.63
IX1519,3.95
6E6249,3.716
6E6179,1.4
6E948,2.77
6E201,11.294
6E139,1.572
6E6514,5.851
6E6785,3.33
6E496,7.196
6E563,6.002
6E715,7.851
6E2106,10.013
6E757,8.5
6E379,6.9
6E2119,5.8
6E334,5.2
6E6088,7.4
6E5113,5.85
6E7317,2.452
6E135,7.054
6E6297,8
6E789,8.775
6E198,7
6E634,6.7
6E114,7
6E6348,0.351
6E326,7
6E2187,7.089
6E1641,14.69
6E856,0.715
6E5077,6.31
6E6616,2.419
6E6171,2.3
6E7087,2.385
6E6710,6.125
6E235,7.226
6E485,2.75
6E2528,6.611
6E212,2.3
6E751,0.203
6E2513,3.43
6E512,0.545
6E6339,0.931
6E892,6.15
6E6214,1.258
6E292,5.25
6E2165,8.346
6E6749,1.893
6E6917,2
6E417,2.69
6E2248,8.6
6E6908,6.9
6E 2602,7.6
6E1631,8.93
6E1015,11.512
6E1087,15.471
6E6251,8.72
6E1105,2.9
6E6426,5.5
6E874,1.02
6E234,6.805
6E798,6.2
6E6717,2.72
6E695,7.9
6E6721,6.379
6E6314,6
6E5010,7.447
6E723,6.8
6E476,8.15
6E862,4.05
6E7351,1.175
AK64,14.11
U4164,1.133
EK571,34.956
FD121,4.523
B3700,8.103
B3701,9.212
FZ462,16.373
SL243,5.859
QP1926,4.601
QP1562,3.147
QP1802,3.94
VZ771,3.631
9I755,1.576
BZ803,7.5
BZ201,9.7
BZ308,0.251
AI1863,5.281
AI2472,6.45
AI2772,6.458
AI2768,4.3
AI2482,4.08
AI2744,7.58
AI2708,6.1
AI1874,3.8
AI2720,2.751
AI2778,5.5
AI2536,2.75
AI2644,4.8
AI2410,4.351
AI2710,4.14
AI2706,6.2
MH185,11.205
TG314,7.617
KA2758,3.007
SQ517,12.293
CG763,1.261
CG763,2.084
IX2784,8.67
IX1517,4.15
IX1514,3.963
IX2985,7.95
IX1523,0.802
IX1256,1.74
IX1134,6.599
IX1584,8.17
IX1516,7.57
IX2782,9.05
IX3301,0.85
IX1254,8
IX1519,4.946
6E6785,5.4
6E6908,6.4
6E135,10.2
6E6251,5.727
6E2187,7.45
6E1631,8.6
6E1015,12.383
6E417,4.952
6E6749,0.7
6E292,6.85
6E6171,1.45
6E948,4.2
6E6314,7.869
6E7087,2.777
6E7418,2.246
6E967,7.7
6E892,7.7
6E2248,7.25
6E723,5.501
6E6214,3.25
6E139,5.3
6E2513,4.275
6E798,4.7
6E994,0.469
6E2602,8.1
6E114,6.593
6E789,8.367
6E634,6.598
6E6528,7.38
6E6134,2.8
6E334,3.7
6E966,1.46
6E6088,5.11
6E201,4.5
6E757,7.25
6E326,10.83
6E234,6.6
6E6616,4.35
6E6426,8.067
6E198,7.704
6E6917,2.445
6E874,1.555
6E485,1.802
6E856,3.298
6E6249,7.85
6E751,0.839
6E379,5
6E715,7.662
6E9204,0.35
6E6179,4.8
6E2119,9.166
6E5113,7.85
6E6514,1.674
6E2165,8.938
6E563,4.25
6E476,7.45
6E6297,6.611
6E1641,16.544
6E5010,6.9
6E235,6.15
6E862,3.871
6E6710,6.262
6E7351,1.931
6E212,0.3
6E496,6.15
6E2106,9.949
6E1105,1.3
6E1087,14.28
6E6339,4.32
6E695,8
6E6721,7.191
AK64,10.7
EK573,51.561
EK571,37.758
FD121,4.056
B3700,7.156
B3701,3.246
BS202,0.488
YG9049,34.86
NS,0.05
QP1925,5.2
QP1926,8.7
QP1802,4.564
QP1562,4.813
9I751,1.84
BZ201,8.1
AI2644,6.41
AI1874,3
AI2778,6.202
AI2706,2.38
AI2720,6.716
AI1832,5.83
AI2536,5.78
AI2772,5.392
AI2472,6.794
AI2768,4.7
AI2774,7.904
AI2482,5.922
AI1863,6.3
AI2708,4.6
AI2410,4.85
AI2710,2.19
MH185,14.49
TG314,7.68
IAF,2.695
IAF,0.66
IAF,0.27
SQ517,7.76
IX2782,8.736
IX1254,2.502
IX1514,2.85
IX1517,1.8
IX1521,0.2
IX2784,8.871
IX1584,9.251
IX1516,6
IX1134,6.586
IX1531,1.14
IX2985,8.396
IX1256,3.843
IX1523,2.65
IX1519,4.384
6E1015,10.9
6E695,8.51
6E5253,0.481
6E2119,9.231
6E235,7.051
6E6785,2.778
6E2106,11.1
6E379,7.6
6E6214,0.65
6E326,8.2
6E485,1.75
6E139,3.52
6E7351,1.066
6E1087,14.958
6E2137,10.38
6E6616,2.4
6E6297,7.073
6E6749,3.5
6E789,10.3
6E234,6.85
6E715,8.134
6E6088,8.12
6E563,3.861
6E5113,4.8
6E948,4.932
6E6514,4.626
6E6249,6.328
6E7418,1.446
6E496,7.65
6E201,6.176
6E2248,8.95
6E2187,7.64
6E2602,9.3
6E334,3.815
6E634,5.862
6E6917,2.5
6E417,0.481
6E967,9.05
6E7087,2.651
6E2165,10.75
6E994,0.47
6E198,7.5
6E6908,7.25
6E1631,9
6E751,1.478
6E6721,7.554
6E426,0.85
6E757,6.99
6E6251,8.55
6E2513,3.1
6E798,5.4
6E114,1.9
6E292,6.952
6E6314,8.541
6E874,8.55
6E6171,2.91
6E856,4.977
6E6426,5.922
6E135,6.78
6E6710,7.5
6E862,4.2
6E958,7.45
6E6528,5.8
6E892,6.491
6E6339,1.714
6E1105,3.05
6E1641,15.2
6E6717,2.95
6E476,0.5
6E723,6.305
6E5010,7.4
U4164,1.036
EK571,46.504
EK573,52.284
FD121,4.148
B3701,6.608
NS,2.176
FZ462,15.954
SL243,4.452
QP1802,4.5
QP1926,4.72
VZ711,4.587
9I721,1.654
9I725,1.182
9I751,2.481
9I755,1.742
AI2708,3.272
AI2536,4.82
AI2706,3.17
AI2772,5.3
AI2472,6.81
AI2768,4.411
AI1874,4.3
AI2778,6.1
AI2720,5.45
AI2644,5.87
AI1832,6.19
AI2774,6.067
AI1863,4.1
AI2410,6.98
AI2482,7.11
AI2710,4.17
MH185,13.95
NS,0.893
NS,0.193
TG314,6.869
IAF,6.266
IAF,3.65
SQ517,7.105
CG762,1.098
IX1521,3.65
IX2782,9.072
IX1516,7.341
IX1256,2.308
IX1134,6.45
IX1523,2.4
IX2985,8.048
IX1516,4.265
IX3301,1.554
IX2784,8.42
IX1531,2.53
IX1514,1.2
IX1254,7.811
IX1584,8.697
IX1519,3.7
6E2187,7.251
6E862,2.15
6E6514,7.375
6E723,6.136
6E6134,3.051
6E114,6.851
6E2513,1.889
6E6616,1.5
6E9204,1.04
6E6249,6.7
6E6214,2.32
6E966,0.4
6E334,5.302
6E6179,4.16
6E476,9.3
6E751,0.15
6E6251,7.9
6E967,8.626
6E7418,1.83
6E7351,0.416
6E235,7
6E1105,3.25
6E789,8.6
6E212,2.68
6E6297,6.381
6E6339,2.8
6E198,8.45
6E634,7.432
6E856,4.338
6E234,6.657
6E874,6.2
6E994,0.211
6E2165,9.35
6E326,8.5
6E6710,6.83
6E6088,5.8
6E715,6.566
6E563,6.4
6E948,0.25
6E496,7.53
6E5253,0.613
6E201,6.743
6E892,5.844
6E135,8.7
6E485,2.35
6E512,1.02
6E1631,9.782
6E2119,10.03
6E6785,3.6
6E139,2.7
6E2106,3.652
6E417,2.4
6E5113,6.75
6E2137,11.22
6E6908,6.852
6E958,7.944
6E2602,6.48
6E6426,6.25
6E6171,2.204
6E695,7.883
6E6749,4.549
6E798,6.489
6E6717,3.651
6E6721,7.15
6E757,7.505
6E292,6.754
6E7087,1.119
6E6528,7.509
6E2248,9.063
6E1015,10.656
6E6314,0.449
6E1641,18.266
6E5010,6.95
6E379,8.183
AK64,12.88
AK62,7.394
U4164,1.091
EK573,52.565
EK571,33.296
FD121,5.137
B3701,2.218
B3701,7.603
BS202,0.687
QP1926,6.45
QP1802,6.322
QP1562,6
9I755,1.773
BZ201,12.602
BZ803,8.015
KB211,1.337
AI2482,5.501
AI2536,4
AI2720,6.45
AI2644,7
AI1832,5.21
AI2772,5.9
AI2778,5.2
AI2710,2.391
AI2772,8.05
AI2706,3.142
AI1863,2.6
AI1874,3.942
AI2472,6.658
AI2768,6.009
AI2410,3.726
AI1832,2.55
AI2708,3.15
MH185,14
TISCO,0.3
TG314,7.728
SQ517,12.481
CG,1.521
CG,0.18
IX2784,8.16
IX2782,8.979
IX1521,2.25
IX1517,3.332
IX1584,8.132
IX1254,7.243
IX1516,6.3
IX1134,7.693
IX1256,2.1
IX2985,8.75
IX1519,3.75
IX1531,3.287
IX1514,2.67
6E5113,8.247
6E966,1.252
6E967,7.917
6E7087,2.314
6E2165,9.987
6E6297,6.591
6E9204,2.73
6E563,4.8
6E6785,3.2
6E713,3.215
6E1015,11.63
6E496,7.06
6E135,10.9
6E822,3.879
6E6154,8.5
6E6249,6.63
6E2106,10.15
6E201,4.9
6E139,3.5
6E948,5
6E334,7.964
6E2137,6.7
6E856,0.629
6E6171,1.4
6E695,9.461
6E6251,8.251
6E6709,7.05
6E862,4.98
6E874,2.9
6E892,6.885
6E292,8.85
6E6917,3.15
6E212,5.641
6E7418,2.207
6E235,4.45
6E634,7.23
6E6710,6.197
6E417,4.1
6E2573,6.111
6E114,4.901
6E6721,7.76
6E6134,0.3
6E7351,1.9
6E715,6.788
6E789,8.03
6E6717,2.89
6E6426,7.68
6E6088,5.719
6E485,2.92
6E334,5.9
6E6214,2.89
6E798,5.336
6E234,7.415
6E6528,6.95
6E757,9.1
6E958,8.4
6E7317,3.058
6E6339,3.7
6E6616,2.43
6E2187,7.5
6E2248,10.407
6E6908,7.453
6E394,6.632
6E6314,0.376
6E1631,12
6E476,8.2
6E2602,7.65
6E1641,16.637
6E723,5.621
6E5010,7.15
6E1105,3.3
6E326,8.33
AK64,13.33
EK571,35.174
FD121,10.021
B3701,3.712
B3700,7.539
FZ462,16.449
SL243,8.013
RPS_AVIATION,1.162
QP1562,5.223
QP1925,6.75
QP6602,4.501
QP1926,7.007
VZ771,5.115
BARREL,2.05
9I751,2.856
BZ308,0.4
BZ803,7.708
BZ201,8.419
AI2536,3.201
AI1874,2.95
AI2644,7.144
AI2720,5.55
AI 2778,4.314
AI2706,4.653
AI2772,5.465
AI1863,1.77
AI2708,4.1
AI2410,7.2
AI2774,6.82
AI2768,3.303
AI2482,6.334
AI2472,6.126
AI2710,4.65
MH185,14.237
TG314,6.826
NS,1.186
SQ517,12.6
CG763,0.81
CG751,1.05
IX1256,0.682
IX2782,9.4
IX1584,9.3
IX3301,1.659
IX1517,5.92
IX1254,6.76
IX2784,7.301
IX1531,2.2
IX1523,1.56
IX2985,6.656
IX1516,4.41
IX1134,6.96
IX1516,6.331
IX1514,2.63
6E751,1.207
6E334,4.21
6E394,6.471
6E6297,5.204
6E5113,5.663
6E6179,3.619
6E2165,10.185
6E874,0.993
6E563,3.947
6E 948,0.28
6E6749,1.35
6E 634,7.25
6E6917,1.8
6E789,8.201
6E 326,5.55
6E1015,14.348
6E 6710,6.734
6E966,0.3
6E 9204,2.9
6E 7351,1.771
6E 822,0.9
6E2106,11.05
6E212,3.6
6E6785,2.35
6E344,7.264
6E496,3.452
6E6514,3.38
6E5253,0.461
6E235,4.512
6E135,7.23
6E6214,3.25
6E1631,8.024
6E2513,3.961
6E994,1.5
6E 715,7.15
6E6339,1.4
6E6088,6.655
6E6616,0.6
6E6528,6
6E6249,9.15
6E1641,12.25
6E417,3.842
6E234,7.164
6E862,4.564
6E6908,7.696
6E201,4.747
6E1105,4.703
6E757,7.4
6E2187,6.476
6E6721,6.877
6E6171,1.7
6E114,7.9
6E512,0.154
6E6709,6.757
6E292,6.653
6E485,1.001
6E6426,5.35
6E2602,6.878
6E967,7.83
6E7087,1.682
6E2248,9.326
6E892,6.25
6E856,4.45
6E723,5.7
6E958,7.498
6E6314,8.461
6E6717,3.25
6E5010,7.351
6E6251,7.7
6E476,8.751
6E139,1.4
6E198,4.968
6E798,5.96
6E695,8.312
U4164,1.052
EK 571,30.329
FD121,8.675
B3701,4.141
B3 700,8.079
BS202,0.999
SL243,9.198
QP 1562,5.54
QP1926,2.95
QP6602,3.535
VT771,4.656
9I725,1.451
9I763,2.195
BZ803,8.15
BZ201,8.002
KB211,5.578
AI2706,6.2
AI1832,4.251
AI2772,6.27
AI2720,7.052
AI2644,5.571
AI2768,5.2
AI2410,6.937
AI2536,5.5
AI1863,5.718
AI2710,3.251
AI2482,6.858
AI2774,5.42
AI2472,6.6
AI2708,2.8
TG314,7.098
SQ517,12.572
CG751,1.105
IX1254,7.792
IX1514,2.65
IX2784,7.251
IX1584,8.38
IX2782,9.28
IX1517,3.867
IX1521,2.84
IX1531,1.94
IX1516,7.6
IX1256,3.541
IX1523,2.13
IX1134,7.131
IX1519,4.1
IX2985,7.85
6E2106,10
6E9204,0.931
6E235,4.993
6E6917,2.617
6E2165,9.255
6E948,1.847
6E5253,0.7
6E326,8.35
6E958,8.3
6E6088,6.694
6E822,0.65
6E212,2
6E7351,2.05
6E6785,5.55
6E6179,3.499
6E892,7.895
6E2513,2.95
6E6749,0.151
6E874,0.7
6E6514,3.6
6E201,4.891
6E344,7.541
6E563,3.35
6E135,8.909
6E139,1.65
6E5113,5.2
6E6249,0.87
6E496,7.75
6E6297,6.57
6E969,8.148
6E695,9.242
6E512,1.363
6E715,8.15
6E2602,7.05
6E6339,3.05
6E1105,4.55
6E198,4.835
6E994,2.35
6E417,5.7
6E6908,7.97
6E7317,0.3
6E334,6.299
6E751,1.82
6E634,7.236
6E789,8.399
6E6710,6.56
6E394,8.706
6E1631,9.529
6E6314,7.67
6E6717,3.602
6E6251,8.831
6E476,7.825
6E2248,9.313
6E798,5.95
6E6214,2.137
6E1641,15.164
6E1015,12.15
6E6721,7.09
6E6426,5.6
6E6171,2.504
6E6709,2.47
6E856,0.792
6E2187,8.37
6E757,7.91
6E234,7
6E292,6.8
6E6528,6.569
6E7087,2.98
6E6134,0.985
6E485,1.816
6E114,6.85
6E723,6.6
6E5010,7.26
6E862,4.822
AK64,11.286
AK64,12.319
EK571,37.308
EK573,51.634
FD121,2.975
YG9049,35.6
NS,2.294
QP1925,5.509
QP1562,5.25
QP6602,4.83
QP1926,7.053
9I763,2.873
9I755,1.724
9I751,1.797
BZ268,2.7
BZ803,7.9
BZ201,13.249
AI2472,7
AI2536,5.168
AI2644,6.532
AI2770,5.06
AI1832,3.062
AI2706,4.3
AI1832,4
AI2772,5.85
AI 2774,5.6
AI2768,5.85
AI1863,4.55
AI2482,6.18
AI2410,8.1
AI2708,4.66
AI2710,5.704
TG314,3.919
SQ517,12.62
CG751,1.243
IX1254,7.51
IX2782,9.053
IX1517,3.55
IX1584,8.68
IX2784,7.841
IX1521,0.6
IX1523,2.75
IX1531,3.259
IX1134,7.211
IX 1519,4.4
IX1516,5.88
IX1256,3.329
IX1514,3.065
IX2785,9.601
6E958,8.602
6E139,4.606
6E201,6.919
6E6514,5.467
6E1015,13.271
6E6179,1.4
6E212,3.75
6E344,6.166
6E6249,5.111
6E2165,9.73
6E2106,9.335
6E6297,7.8
6E563,4.1
6E326,6.963
6E5113,5.26
6E496,6.5
6E6785,2.15
6E7351,1.142
6E966,0.48
6E334,6.04
6E235,5.501
6E833,7.797
6E1631,10.9
6E6214,1.35
6E822,0.53
6E6710,8.005
6E948,5.8
6E135,10.2
6E751,1.38
6E6088,7.7
6E6251,8.366
6E6171,2.3
6E292,10.125
6E967,8.003
6E6749,3.46
6E892,7.2
6E6908,6.592
6E417,4.68
6E695,10.33
6E6314,7.85
6E6721,7.754
6E6528,6.047
6E874,0.61
6E2513,3.25
6E798,7.714
6E6339,2.151
6E 798,5
6E 757,7.746
6E2187,8.45
6E634,6.433
6E 7087,2.813
6E 6426,6.85
6E 485,2.143
6E 234,6.262
6E6717,2
6E394,6.1
6E2602,7.561
6E6616,1.3
6E994,1.55
6E6749,2.164
6E789,8.85
6E6917,1.45
6E512,8.291
6E856,1.091
6E114,6.83
6E5010,7.3
6E476,1.85
6E6709,5.67
6E723,6.89
6E862,4.397
6E1105,3
6E1641,13.176
AK64,11.23
U4164,1.115
EK571,51.699
FD121,3.318
FD121,3.99
B3700,7.842
FZ462,15.803
SL243,10.301
NS,0.516
QP6535,2.45
QP1562,6.587
QP6602,5.65
VZ771,2.651
9I756,1.753
BZ803,7.9
BZ201,8.6
BZ308,0.972
KB211,1.64
AI2772,6.291
AI 1863,4.59
AI2774,8.7
AI2720,5.738
AI2644,6.447
AI2536,4.444
AI2706,6.67
AI2472,8.757
AI2768,6.302
AI 2482,7.833
AI2710,6.052
AI2410,4.95
AI2708,6.805
MH185,14.095
TG314,7.844
CA7081,9.427
K5012,6.538
SQ517,11.653
CG762,0.72
IX1521,1.4
IX1517,5.201
IX3301,2.52
IX2985,7.396
IX1531,3
IX1519,3.88
IX1516,6.7
IX 1139,7.672
IX1254,7.617
IX1584,8.16
IX2782,8.2
IX2784,9.8
IX1523,6.88
IX1256,2.905
IX1514,2.165
6E892,8.95
6E6088,8.658
6E1105,3.801
6E1631,9.35
6E1641,16.235
6E6171,2.399
6E6209,7.068
6E6717,3.35
6E862,4.478
6E6616,2.559
6E6314,7.89
6E6721,8.248
6E 2187,7.49
6E723,6.3
6E292,7.65
6E417,4.527
6E715,7.712
6E789,8.35
6E6917,3
6E634,7.7
6E326,8.6
6E235,6.566
6E6214,2.2
6E695,8.094
6E751,0.9
6E 798,5.041
6E498,2.65
6E6179,3.6
6E6785,2.5
6E9204,0.602
6E6297,7.043
6E6514,4.129
6E7087,3.05
6E485,2.6
6E7351,1.2
6E212,3.32
6E201,6.884
6E5113,6.119
6E139,4.8
6E2106,10.406
6E496,1.477
6E967,8.66
6E135,6.51
6E334,6.25
6E198,7.7
6E994,2.2
6E394,9.251
6E2165,2.637
6E7317,1.51
6E6339,2.5
6E6749,0.15
6E2513,4.65
6E6710,7.919
6E6908,7.626
6E6426,6.27
6E2602,8.654
6E757,6.764
6E874,9.341
6E234,6.601
6E2248,8.603
6E6251,8.1
6E 114,6.81
6E6348,1.349
6E476,5.593
6E5010,6
6E958,8.3
6E1015,12.252
6E563,4.1
6E344,7.3
6E6249,8.292
AK64,11.524
EK571,35.012
EK 573,50.115
B3700,8.39
BS202,0.767
YG9049,31.328
S,2.009
QP1562,6.732
QP1926,6.18
QP6602,5.05
QP1925,6.3
9I751,3.741
BZ201,7.8
BZ308,0.2
AI1863,1.5
AI2706,4.3
AI2410,6.381
AI2720,4.55
AI2768,1.2
AI2772,6.753
AI2472,5.7
AI1832,6.627
AI2482,7.68
AI2536,3.001
AI2774,7.308
AI2708,4.798
AI2644,4.294
AI2710,2.9
MH185,14.57
TG314,7.821
IAF,9.852
SQ517,1.471
CG,0.85
CG751,1.12
IX2985,7.14
IX2782,7.882
IX1584,5.5
IX2784,8.565
IX1256,3.05
IX1519,4.7
IX1254,6.65
IX1521,0.451
IX1517,2.925
IX1523,2.4
IX1516,7.152
IX1514,2.35
IX1531,3.25
IX1134,7.986
6E417,4.25
6E892,7.003
6E695,8.808
6E6908,6.4
6E476,9.1
6E967,8.6
6E2165,6.65
6E6749,1.5
6E2513,2.768
6E751,1.55
6E634,6.95
6E485,1.8
6E234,7.361
6E6785,1.103
6E6251,7.621
6E6721,7.2
6E114,6.462
6E757,7.71
6E6528,5.85
6E496,6.95
6E6514,6.7
6E326,4.68
6E6710,6.355
6E5113,5.732
6E6717,2.585
6E512,0.572
6E6249,2.08
6E6339,3.5
6E6616,2.551
6E563,4.814
6E9204,0.61
6E292,7.58
6E6171,2.42
6E2187,7.003
6E958,7.3
6E994,0.202
6E6297,6.076
6E334,3.964
6E6314,7.68
6E6426,7.986
6E1631,8.8
6E1105,3.65
6E2602,6.892
6E344,6
6E2106,5.2
6E6214,3.064
6E6088,7.271
6E139,3.65
6E948,5.763
6E198,6.82
6E6917,3.03
6E1015,14.286
6E6179,3.67
6E5253,1.03
6E7351,1.34
6E212,1.65
6E201,7.1
6E715,5.25
6E135,6.491
6E235,6.839
6E789,8.716
6E7087,2.618
6E798,5.146
6E6709,6.2
6E5010,7.1
6E723,6.939
6E2248,8.15
6E1641,17.995
U4164,1.128
EK573,54.76
EK571,43.668
FD121,6.509
NS,3.5
B3701,2.565
FZ462,16.042
SL243,11.3
S,2.7
QP6602,5.25
QP1926,3.348
VZ771,5.588
9I725,0.881
9I751,2.787
9I755,1.63
AI2706,3.9
AI2536,4.78
AI2482,5.32
AI2708,5.175
AI2644,5.358
AI2720,5.223
AI1832,4.054
AI2472,6.646
AI2772,7.14
AI2774,7.716
AI2768,4.3
AI2710,5.127
AI1863,5.5
AI2410,7.57
MH185,11.88
TG314,4.631
SQ517,12.857
CG763,1.526
IX2782,8.503
IX1254,6.4
IX1584,9.03
IX1523,1.491
IX1531,0.5
IX1517,3.43
IX2784,8.64
IX3301,2.204
IX2985,8.658
IX1519,5.2
IX1516,6.65
IX1256,3.51
IX1514,3.9
IX1134,8.3
6E5113,6.15
6E6472,5.371
6E6785,4.6
6E2106,10.52
6E6514,5.502
6E6297,6.9
6E6917,1.95
6E212,0.28
6E201,5.107
6E1015,10.262
6E139,2.8
6E345,7.901
6E496,4.4
6E6249,3.26
6E6179,2.5
6E751,0.985
6E994,0.4
6E2602,8.93
6E6528,7.165
6E1631,7.92
6E6339,1.85
6E6088,8.5
6E114,7.3
6E7087,2.224
6E234,6.986
6E874,8.506
6E198,0.55
6E7351,0.878
6E394,6.75
6E6616,1.662
6E5010,7.75
6E563,3.552
6E198,6.1
6E2165,9.9
6E334,6.3
6E715,6.7
6E235,6.605
6E6214,2.249
6E512,1.15
6E6717,3.83
6E723,6.78
6E862,4.672
6E856,0.461
6E2513,5.3
6E789,8.15
6E6749,3.252
6E135,8.317
6E326,8.15
6E634,6.552
6E417,3.95
6E9204,0.414
6E958,7.2
6E892,6.1
6E6908,6.584
6E1105,4.365
6E6710,7.5
6E967,8.25
6E695,9.383
6E485,2.45
6E6426,7.8
6E292,7.76
6E757,7.667
6E6251,7.77
6E6721,7.368
6E2248,9.746
6E6171,3.55
6E2187,7.14
6E798,6.13
6E6314,7.607
6E6709,7.9
6E2079,6.982
6E476,8.113
6E1641,18.311
AK64,12.966
AK62,12
U4164,1.046
EK573,52.123
EK571,45.893
FD121,4.298
B3704,3.528
B3701,7.323
BS202,0.845
QP1562,4.65
QP1926,2.8
QP6602,2.6
9I755,1.727
KB211,1.791
AI2536,3
AI1832,4
AI1832,2.83
AI2644,7.256
AI2720,3.45
AI2772,5.73
AI2706,5.5
AI2768,3.902
AI2472,4.301
AI2774,5.65
AI2708,4.335
AI1863,6.74
AI2410,4.1
AI2710,3.732
AI2482,6.69
MH185,14.269
TG314,3.366
SQ517,11.323
CG763,0.812
IX2782,9.28
IX2985,5.905
IX1523,1.857
IX1584,7.652
IX1517,4.08
IX1254,6.15
IX1521,0.15
IX1514,3.451
IX1517,4.7
IX2784,8.97
IX1256,2.551
IX1516,6.2
IX1134,7.662
6E862,4.943
6E2248,9.55
6E114,8.896
6E1641,18.133
6E6528,7.009
6E757,7.879
6E6314,7.35
6E6472,1.85
6E345,6.941
6E6297,6.43
6E201,4.773
6E723,6.05
6E822,0.56
6E1631,11.7
6E6616,2.7
6E292,8.25
6E2513,2.62
6E789,9
6E485,1.2
6E476,9.189
6E326,5.004
6E6088,6.1
6E6710,6.05
6E135,9.8
6E2602,9.2
6E2106,11.177
6E6249,8
6E6785,3.1
6E6527,0.914
6E344,5.45
6E139,1.05
6E496,6.4
6E212,0.7
6E7351,0.991
6E5113,7.53
6E6514,3.329
6E6179,5.165
6E563,3.955
6E892,6.825
6E874,1.75
6E6917,2.45
6E6339,1.747
6E6426,7.4
6E695,8.75
6E2165,11.557
6E948,2.8
6E715,5.15
6E634,5.602
6E417,3.467
6E958,8.4
6E512,1.34
6E9204,1.6
6E235,7.05
6E967,7.802
6E994,0.28
6E6251,8.5
6E6134,0.77
6E7087,1.771
6E334,5.538
6E6214,1.7
6E6908,5.962
6E198,6.9
6E7317,3.45
6E6749,1.5
6E798,5.119
6E234,6.086
6E5010,7.4
6E1015,11.97
6E6527,7.2
6E6171,2.7
6E394,7.6
6E2079,6.626
6E2187,7.233
6E6709,6.182
6E6717,2.8
6E1105,5.022
6E6721,8.39
AK64,10.9
EK571,56.7
FD121,4.427
B3700,8.336
B3701,3.947
FZ462,17.404
SL243,10.428
YG9049,33.976
QP6602,4.1
QP1562,3.5
QP1925,4.25
QP1926,6.601
VZ771,1.895
9I751,3.222
9I725,1.353
BZ201,13.602
AI2644,4.036
AI2778,6.85
AI2536,4.15
AI2472,3.102
AI2708,4.301
AI2710,5.058
AI2772,3.922
AI1863,3.904
AI2482,4.955
AI2410,7.235
AI1874,4.95
AI2774,4.9
AI2768,4.633
AI2720,3.926
AI2706,7.25
MH185,14
TG314,6.482
SQ517,12.778
CG763,1.05
CG763,0.69
NS,1.814
IX2784,8.917
IX1584,5.24
IX2782,8.65
IX1254,6.508
IX1517,3.4
IX1531,3.49
IX3301,1.451
IX1523,2.498
IX1514,3.269
IX2985,7.746
IX1519,4.95
IX1256,1.48
IX1134,7.258
IX1519,6.05
6E5113,9.314
6E139,3.535
6E6214,2.55
6E1015,12.727
6E7351,1.198
6E6472,7.153
6E2106,10.338
6E201,8.95
6E6249,4.985
6E563,6.05
6E345,6.211
6E2119,8.475
6E948,1.204
6E379,8.8
6E212,2.45
6E6179,4.879
6E6785,2.637
6E496,7.1
6E198,9.653
6E485,2.2
6E634,9
6E6297,8.167
6E822,0.702
6E135,9.652
6E6251,8.3
6E114,7.494
6E2513,3.55
6E6088,8.142
6E874,3.161
6E6616,2.55
6E2165,7.271
6E958,8.88
6E7317,3.2
6E234,7.184
6E715,10.1
6E1105,4.352
6E695,8.716
6E2602,9.445
6E334,5.6
6E2187,7.65
6E862,4.1
6E2079,6.513
6E874,7.2
6E326,6.899
6E417,4.3
6E6908,7.351
6E798,6.75
6E757,8
6E292,9.23
6E5253,1.75
6E994,1.608
6E6749,2.85
6E6426,8.615
6E235,6.121
6E6710,8.6
6E789,8.293
6E6721,8.26
6E7087,2.058
6E6528,7.452
6E6917,4.251
6E6339,3.451
6E512,3.63
6E476,9.4
6E856,1.02
6E2248,9.409
6E967,8.531
6E1631,14.092
6E9204,3.75
6E6171,2.002
6E6314,7.7
6E723,8
6E5010,7.204
6E1641,18.648
6E966,0.65
U4164,1.093
EK571,41.586
FD121,6.411
B3701,6.256
B3700,7.354
BS202,0.747
SL243,6.544
QP1802,5.3
QP1926,6.41
QP1562,3.15
VZ771,3.854
9I725,1.309
9I763,1.216
BZ863,8.8
BZ201,8.2
KB211,5.15
AI2644,5.4
AI1832,5
AI2778,4.381
AI2536,4.85
AI2720,0.483
AI2772,4.85
AI1824,3
AI2708,4.618
AI2472,7.95
AI2710,3.5
AI2410,6.4
AI2768,4.231
AI2706,3.67
AI1832,2.22
AI2774,7.15
AI1863,2.8
AI2482,6.579
TG314,7.202
SQ517,16.409
763,1.581
IX1521,0.48
IX2782,9
IX1584,6.9
IX1517,3.9
IX1254,6.089
IX2985,4.15
IX1519,4.68
IX1531,3.492
IX2784,9.17
IX1256,3.6
IX1523,2.1
IX1134,6.981
IX1514,3.85
IX1516,6.67
6E1015,11.464
6E2119,7.653
6E212,0.53
6E379,4.261
6E345,6.888
6E6179,5.65
6E6249,6.205
6E139,3.5
6E6472,8.744
6E496,5.361
6E9204,0.25
6E6514,2.2
6E344,5.419
6E2106,10.25
6E5113,5.95
6E563,4.303
6E201,5.651
6E6297,8.8
6E6785,0.54
6E874,1.25
6E6749,3.967
6E6528,7.25
6E6710,8
6E798,6.607
6E994,0.2
6E634,8.151
6E6214,3.15
6E5253,0.2
6E789,10.851
6E198,8.132
6E6314,7.4
6E2602,7.902
6E1631,12.593
6E2165,8.653
6E7317,2.32
6E292,8.75
6E2248,9.952
6E2187,6.511
6E6134,3.1
6E6171,2.3
6E334,5.4
6E7351,1.305
6E235,7.45
6E417,4.148
6E695,9.6
6E6426,5.954
6E326,7.82
6E485,2.6
6E2079,6.35
6E967,7.63
6E892,6.853
6E751,1.15
6E135,8.53
6E715,7.35
6E6088,6.939
6E958,9.007
6E6917,1.8
6E757,8.232
6E394,1.55
6E7087,1.995
6E5010,6.847
6E862,2.55
6E1641,16.63
6E6908,8.95
6E856,4.05
6E476,10.995
6E2513,4.35
6E6616,1.65
6E234,6.822
6E6721,6.5
6E6339,1.804
6E6251,7.935
6E512,0.45
6E114,6.647
6E6717,2.37
6E723,6.1
6E1105,5.75
AK64,11.674
AK64,8
EK571,33.718
EK573,47.906
FD121,6.272
B3701,2.627
B3700,6.383
YG9049,32.967
QP1925,6.4
QP1802,2.083
QP1562,5.47
QP1926,8.622
9I763,3.194
9i751,1.525
9I755,2.103
BZ201,9.548
BZ803,8.003
AI2482,6.25
AI2772,6.931
AI2778,6.404
AI2720,3.75
AI2706,3.828
AI2768,3.75
AI2644,6.94
AI1874,3.55
AI2536,4.13
AI2472,7.511
AI2410,7.6
AI2710,3.84
AI2774,7.289
AI1863,4.9
AI2708,4.43
AI1832,2.8
TG314,0.374
TG314,4.331
SQ517,12.131
763,0.812
NS,2.039
IX1256,1.755
IX1514,4.2
IX1517,4.3
IX2782,8.3
IX2784,9.161
IX1254,7.535
IX1523,2.1
IX1584,7.851
IX1519,2.92
IX2985,7.45
IX1134,7.036
IX1516,5.55
6E856,0.6
6E2513,5.1
6E345,8.369
6E235,7.08
6E822,0.1
6E6214,2.001
6E563,4.23
6E6514,4.15
6E6179,4
6E6749,1.08
6E6710,8.3
6E5113,7.55
6E6339,2.25
6E7351,1.165
6E334,6.9
6E5253,0.996
6E2165,8.833
6E6297,9.945
6E6785,2.85
6E6249,7.15
6E198,8.65
6E2119,8.25
6E201,7.975
6E417,3.862
6E6088,9.75
6E874,1.548
6E6472,8.4
6E994,0.35
6E715,7.8
6E757,7.676
6E379,6.65
6E1641,18.684
6E496,0.855
6E751,1.667
6E966,0.15
6E789,10.05
6E634,7.223
6E2106,8.88
6E212,3.7
6E326,7.42
6E1015,11.6
6E1631,11.437
6E1105,5.555
6E6528,6.985
6E485,2.72
6E7087,2.158
6E139,4.402
6E7317,2.56
6E892,7.132
6E6908,7.405
6E6314,8.449
6E6251,9.124
6E948,2.25
6E2602,7.88
6E114,8.1
6E862,4.9
6E135,11.3
6E292,7.1
6E6917,3.514
6E6426,8.25
6E695,10.35
6E512,0.355
6E6721,7.8
6E6134,1.061
6E234,7.026
6E6717,2.951
6E2248,10.7
6E798,5.723
6E2187,7.279
6E2079,8.131
6E723,5.05
6E5010,8.287
6E476,10.52
6E967,8.19
AK64,10.876
U4164,1.423
EK571,36.27
FD121,9.276
B3700,7.926
B3701,3.202
FZ462,17.344
NS,7.597
SL243,5.132
NS,2.5
NS,1.01
QP1926,4.55
QP1802,2.13
QP1562,4.65
VZ771,3.054
9I755,1.705
BZ308,2.525
BZ201,14.034
BZ803,7.55
AI2644,6.99
AI2720,7.562
AI2778,6.15
AI2536,5.25
AI2706,4.25
AI2708,4.221
AI2772,6.5
AI2768,4.51
AI1874,5.3
AI2774,6.53
AI2472,7.82
AI1863,2.95
AI2482,6.802
AI2410,7
AI2710,5.1
MH185,14.181
TG314,3.701
IN259,0.845
SQ517,11.828
NS BSF,0.861
CG763,0.184
CG751,1.006
IX1521,0.135
IX1517,3.5
IX1254,2.572
IX2782,9.55
IX1584,8.2
IX2784,9.88
IX1516,6.2
IX1134,6.55
IX1256,2.44
IX1514,3.15
IX1523,1.43
IX1531,1.029
IX3301,1.922
IX2985,7.984
IX1519,3.65
6E6514,4.05
6E6472,2.8
6E966,1.2
6E139,2.07
6E212,0.95
6E496,3.6
6E201,5.4
6E7351,0.694
6E563,4.367
6E379,6.52
6E5113,5.55
6E2119,9.51
6E6249,8.783
6E6785,2.2
6E822,0.293
6E9204,0.63
6E6297,6.55
6E2106,3.901
6E6179,3.55
6E874,1
6E789,8.65
6E751,0.3
6E6717,1.9
6E856,0.2
6E334,4.151
6E135,8.297
6E715,6.65
6E326,6.66
6E1015,11.352
6E292,8.3
6E1105,2.8
6E1631,10.7
6E1641,17.501
6E6088,7.441
6E892,6.815
6E198,8.106
6E967,9.045
6E235,4
6E695,7.937
6E994,2.75
6E2513,2.362
6E2165,8.5
6E6528,7.052
6E7087,2.6
6E6908,6.5
6E6721,7.436
6E234,7.5
6E948,2.699
6E6710,6.775
6E6214,2.35
6E634,7.4
6E6426,6.584
6E2602,7.845
6E6917,3.501
6E417,4.796
6E7317,2.166
6E6339,3.75
6E6616,0.6
6E6251,9.163
6E2248,8.4
6E6171,3.1
6E757,8.053
6E485,2.905
6E798,4.86
6E114,6.752
6E6749,2.2
6E6314,7.88
6E2187,5.897
6E2079,6.68
6E723,5.7
6E862,4.746
6E476,2.53
6E5010,6.55
AK64,10.593
EK571,33.213
EK573,47.677
FD121,4.051
AIF,12.695
B3701,3.627
B3700,7.229
BS202,0.521
NS,0.413
YG9049,38.037
QP1802,6.4
QP1862,4.05
QP1925,5.87
QP1926,8.335
BZ203,9.85
BZ308,0.2
BZ201,9.1
AI2778,7.36
AI2720,7.065
AI2644,4.95
AI1832,5.349
AI2536,7.252
AI2772,7.35
AI2706,5.85
AI1874,5.35
AI2774,6.397
AI1863,5
AI2708,6.05
AI2768,6.1
AI2472,6.45
AI2482,7.15
AI2710,2.102
AI2410,7.63
MH185,14.056
TG314,6.166
SQ517,14.314
IX2784,9.465
IX1517,4.25
IX1254,7.633
IX2782,8.5
IX1584,9.63
IX1531,2.23
IX2784,9.24
IX1523,1.7
IX2985,7.765
IX1134,7.549
IX1256,2.622
IX1516,5.364
IX1519,4.05
IX1514,2.45
6E2165,9.951
6E235,4.7
6E2602,7.2
6E5253,0.65
6E334,4.55
6E563,3.62
6E822,0.806
6E345,7.318
6E6297,6.846
6E6179,6.25
6E892,6.761
6E6512,1.694
6E5113,5.863
6E9204,0.55
6E326,7.466
6E6710,7.653
6E496,6.8
6E6249,7.1
6E6917,3.7
6E798,5.65
6E201,2.25
6E212,2.731
6E2119,7.75
6E2106,9.989
6E966,0.85
6E6785,2.615
6E579,5.819
6E139,0.9
6E7351,1.217
6E6214,1.87
6E485,2.55
6E234,6.564
6E856,0.44
6E757,7.053
6E1631,13.45
6E198,8.75
6E2513,3.15
6E7087,1.252
6E6717,3.1
6E967,7.65
6E1015,11.847
6E6721,8.05
6E6616,1.3
6E958,8.83
6E874,0.664
6E695,9.6
6E114,7.707
6E6528,7.8
6E9206,1.34
6E6339,2.25
6E789,9.352
6E417,3.3
6E6251,8.552
6E1105,4.551
6E135,3.81
6E2248,8.78
6E292,7.709
6E6426,8.05
6E751,0.762
6E6908,6.511
6E634,6.45
6E6749,3.05
6E6171,2.45
6E862,2.632
6E7317,0.5
6E2079,6.725
6E1641,11.93
6E476,8.008
6E6314,7.8
6E723,6.159
6E5010,7
6E6134,3.55
6E2187,7.5
6E6472,10.7
6E994,2.5
U4164,1.214
EK571,33.836
EK573,51.476
FD121,2.645
NS,3.189
NS,3.474
NS,3.455
NS,3.459
NS,3.384
NS,3.39
NS,3.252
NS,3.397
NS,3.213
B3700,8.492
B3701,5.758
FZ462,16.449
SL243,2.855
QP1802,3.9
QP1926,1.657
VZ771,4.215
9I755,1.784
9I751,2.719
9I725,2.579
BZ308,0.7
AI2410,5.9
AI2482,8.682
AI2708,5.4
AI2720,3.965
AI2536,3.71
AI1832,4.676
AI2644,6.55
AI2772,6.758
AI2778,6
AI1874,4
AI2774,7.552
AI2768,4.403
AI2706,6.05
AI2472,7.7
AI1863,3.6
AI2710,4.13
MH185,13.93
TG314,7.06
SQ517,6.979
IX1254,7.15
IX1584,6.7
IX2782,1.15
IX1517,4.886
IX1237,6.25
IX3301,1.821
IX1135,7.785
IX1514,2.35
IX2985,7.55
IX1531,2.338
IX1256,2.669
IX1519,3.35
IX1523,1.83
IX1520,5.85
6E822,0.12
6E5087,7.3
6E715,4.95
6E5058,8.295
6E7351,0.767
6E6214,2.3
6E862,4.983
6E2119,9.49
6E6249,7.7
6E5113,5.319
6E271,0.95
6E212,3.95
6E2602,8.327
6E6273,1.2
6E6514,4.451
6E139,3.05
6E6721,8.583
6E512,0.65
6E6472,1.825
6E496,7.4
6E2165,9.87
6E6179,5.45
6E563,4.701
6E345,9.551
6E2106,9.833
6E201,3.617
6E1015,12
6E201,5.88
6E6528,6.65
6E7087,2.166
6E135,5.701
6E334,7.488
6E9204,3.43
6E856,5.916
6E6134,1.233
6E292,7.72
6E798,5.256
6E6426,6.05
6E485,2.151
6E198,8.851
6E892,6
6E6251,8.255
6E6171,1.799
6E476,6.16
6E1641,19.234
6E695,8.668
6E958,7.875
6E6917,1.451
6E967,8.05
6E1631,7.25
6E235,5.75
6E789,8.378
6E417,3.252
6E326,5.25
6E6710,6.167
6E634,8.576
6E7317,1.15
6E5253,0.456
6E6616,2.18
6E2513,4.121
6E6339,3.33
6E6749,4.15
6E874,7.6
6E6908,7.381
6E1105,3.38
6E757,7.68
6E2248,10.72
6E114,3.35
6E6717,2.591
6E7087,1.416
6E5010,7.2
6E2187,7.978
AK62,10.9
AK64,9.874
U4164,1.161
EK571,43.396
EK573,50.555
FD121,7.475
B3701,3.896
B3700,7.769
BS202,0.796
RPS_AVIATION,0.1
QP1926,2.651
QP1802,4.194
QP1562,4.13
9I755,1.745
BD803,8.8
BZ201,9
KB211,1.806
AI2644,7.67
AI2720,6.05
AI2706,1.105
AI2778,5.45
AI2536,4.453
AI2772,3.9
AI2774,5.3
AI1832,4.25
AI2410,6.524
AI1874,1.341
AI2768,1.92
AI1863,3.75
AI2472,5.2
AI2482,6.849
AI2710,4.357
AI2708,1.67
MH185,14.846
TG314,6.85
SQ517,12.799
CG762,0.479
CG751,1.207
CG763,0.65
IX2782,9.002
IX1521,1.483
IX1254,7.456
IX1517,4.58
IX1584,10.032
IX2985,8.58
IX1135,8.352
IX1519,1.95
IX1256,2.982
IX1523,1.429
IX1514,4
IX1520,6.44
IX1531,5.273
6E9204,4.242
6E2119,7.323
6E6249,5.813
6E201,4.35
6E512,0.751
6E6179,6.05
6E6514,4.49
6E6721,6.8
6E2602,7.4
6E345,9.65
6E5087,6.85
6E1015,14.592
6E5058,6.45
6E235,6.742
6E6214,2.6
6E967,9.1
6E485,1.65
6E496,7.1
6E139,2.751
6E271,4.3
6E6472,5.256
6E5113,7.185
6E6785,3.337
6E563,4.976
6E966,0.6
6E7351,1.506
6E948,1.943
6E7087,2.812
6E789,10.063
6E6251,8.802
6E292,7.65
6E6314,8.466
6E1105,5.3
6E798,5.52
6E723,6.5
6E135,6.45
6E715,6.602
6E326,8.05
6E334,6.346
6E2165,9.003
6E822,0.53
6E198,6.578
6E7317,2.7
6E2513,0.865
6E874,7.455
6E6339,3.17
6E417,3.3
6E6908,6.5
6E6749,3.1
6E892,6.4
6E1631,11.5
6E6426,6.65
6E114,6.6
6E2248,9.225
6E862,4.226
6E2079,6.88
6E757,9.652
6E5010,7.619
6E6528,6.548
6E6616,2.73
6E695,10.352
6E234,7.316
6E2187,6.95
6E1641,15.23
6E476,8.2
6E6717,2.854
6E856,0.22
AK64,11.974
EK571,40.204
FD121,2.934
B3700,8.062
B3701,3.418
FZ462,18.668
SL243,7.46
YG9049,30.299
QP1562,4.43
QP1802,1.695
QP1925,3.1
QP1926,6.824
VZ771,4.574
9I721,1.6
9I751,2.447
BZ201,8.1
BZ308,2.35
BZ803,8.4
AI1874,2.75
AI2536,2.211
AI2644,7.35
AI2720,4.151
AI2778,4.23
AI2772,7.911
AI1832,1.42
AI2706,3.36
AI2472,6.5
AI1863,4.8
AI2774,8.534
AI2482,6.88
AI2708,4.38
AI2410,3.9
AI2710,2.94
MH185,13.537
TG314,6.624
KD724,0.235
ZM3016,0.768
SQ517,12.136
CG762,0.845
IX1254,6.994
IX2782,10.052
IX1584,8.068
IX1514,5.203
IX 1517,3.2
IX1523,2
IX1523,2.38
IX1256,1.65
IX2985,5.686
IX1135,7.626
6E2119,7.424
6E7351,1.772
6E201,4.8
6E862,4.15
6E1641,17.36
6E5087,4.883
6E139,1.4
6E634,5.653
6E6214,3.45
6E6472,7.15
6E6514,1.95
6E563,5.2
6E6710,6.24
6E212,0.85
6E345,10.17
6E271,7.265
6E2248,8.25
6E822,2.557
6E715,7.85
6E948,4.8
6E789,8.81
6E958,8.2
6E2165,8.96
6E856,0.602
6E6314,7.8
6E417,3.37
6E6251,8.45
6E6721,6.982
6E994,1.95
6E6917,2.2
6E6426,6.001
6E485,2.25
6E114,7.017
6E198,5.838
6E292,6.752
6E757,10.587
6E6339,2.152
6E9204,3.85
6E6908,7.8
6E496,7.35
6E6785,3
6E5058,9.158
6E6179,4.5
6E6249,7.233
6E2513,4.55
6E5113,6.291
6E 334,4.5
6E6616,2.974
6E7317,0.835
6E326,7.056
6E235,6.55
6E135,6.4
6E892,8.202
6E798,4.55
6E5010,7.1
6E2602,7.8
6E6717,2.05
6E6528,7.1
6E695,9.78
6E1105,4.9
6E967,7.65
6E1015,10.7
6E7087,1.567
6E234,7.75
6E874,6.988
6E512,1.04
6E1631,10.75
6E2187,6.8
6E2079,6.464
6E476,9.006
6E723,5.946
BHA164,1.241
EK571,45.287
FD121,7.821
B3701,3.055
B3700,8.199
BS202,1.778
SL243,11.123
ASU,0.24
QP1802,2.524
QP1926,3.53
QP1562,4.63
VZ771,3.223
9I763,1.575
9I725,1.815
BZ201,7.1
BZ803,8.05
KB211,9.302
AI2536,2.25
AI2644,5.6
AI2720,5.9
AI2706,0.735
AI2772,4.3
AI1832,5.82
AI2778,4.349
AI1874,1.089
AI2768,3.05
AI1863,3.35
AI2472,5.049
AI2410,1.79
AI1832,5.04
AI2708,4.72
AI2774,7.28
AI2710,3.271
AI2482,7.5
TG314,3.431
SQ517,13.552
CG763,0.928
751,1.97
IX1521,1.533
IX1519,3.489
IX1584,7.05
IX1254,8.55
IX2782,8.933
IX1520,8.04
IX1256,3.684
IX1523,1.8
IX1135,7.46
IX1514,3.9
IX2985,7.65
IX1531,3.095
6E2513,4.65
6E6908,6.835
6E2119,9.321
6E634,1.45
6E496,7.003
6E271,5.628
6E326,7.8
6E5087,8.375
6E198,7.465
6E751,0.6
6E6339,3.25
6E1015,11.55
6E5253,0.255
6E6616,1.65
6E235,6.574
6E6179,4.85
6E822,1.15
6E6214,1.85
6E892,7.692
6E967,8.3
6E212,0.75
6E757,7.802
6E6785,2.87
6E2106,10.349
6E6514,2.169
6E345,7.335
6E1631,8.98
6E6249,4.5
6E5113,3.4
6E6710,7.4
6E139,2.334
S,2.95
6E9204,1.1
6E6472,5.638
6E7351,0.091
6E334,6.97
6E201,7.9
6E563,6.45
6E948,3.659
6E135,6.75
6E5058,8.4
6E715,8.05
6E874,8.648
6E994,0.6
6E6749,1.518
6E6917,2.752
6E7087,2.166
6E695,9.783
6E6314,7.35
6E6251,7.9
6E6528,6.702
6E2165,10.459
6E958,8.231
6E789,8.2
6E485,1.72
6E417,4.025
6E292,7.45
6E6426,6.15
6E856,0.604
6E6721,6.61
6E2248,9.25
6E798,5.1
6E114,5.8
6E6717,3
6E2079,7.282
6E7317,0.8
6E5010,7.25
6E2602,7.32
6E234,6.731
6E1105,3.1
6E2187,6.257
6E723,6.301
6E862,6.502
6E476,7.64
6E1641,16.24
AK62,7.383
AK64,13.6
EK571,45.263
EK573,36.411
FD121,12.589
B3700,8.1
YG9049,34.392
QP1802,4.577
QP1925,6.74
QP1562,5.58
QP1926,6.3
9I763,2.92
9I751,2.345
9I755,1.907
BZ803,7.9
BZ201,9.3
AI2772,5.871
AI2774,6
AI2644,6.662
AI1832,3.901
AI2778,4.85
AI2720,4.53
AI2536,5.9
AI2710,3.55
AI2482,6.385
AI1874,3.582
AI2708,4.15
AI1863,3.48
AI2472,6.374
AI2768,4.53
AI2410,9.95
AI2706,5.35
TG314,6.953
SQ517,12.225
761,1.759
IX1521,0.55
IX1135,7.735
IX2782,9.05
IX1517,5.02
IX2985,7.9
IX1519,1.8
IX1254,6.53
IX1256,3.6
IX1584,4.1
IX1523,0.625
IX1531,0.707
IX1514,4.05
IX1520,6.197
SG9047,7.19
6E966,0.57
6E6528,7.237
6E6339,4.501
6E5087,7.1
6E715,7
6E2106,8.944
6E496,3.391
6E6179,5.05
6E822,2.77
6E201,4.849
6E7351,1.401
6E7317,1.5
6E2602,7.226
6E2248,8.877
6E345,10.382
6E6616,0.2
6E6214,2.882
6E2737,6.122
6E2187,7.12
6E1015,11.766
6E1631,11.9
6E948,4.3
6E135,6.45
6E198,7.509
6E2119,6.631
6E379,9.7
6E2079,7.262
6E5058,6.653
6E6514,1.5
6E6908,7.3
6E139,4.6
6E326,6.498
6E6710,6.627
6E789,8.3
6E417,2.801
6E2165,9.721
6E892,9.065
6E874,8.05
6E271,7.15
6E212,3.761
6E235,6.5
6E563,4.85
6E7418,1.951
6E967,8.827
6E2513,3.421
6E6249,7.47
6E234,6.422
6E862,4.88
6E6721,8.297
6E114,7.15
6E6785,3.278
6E5113,3.1
6E6917,2.856
6E334,5.952
6E1105,3.73
6E757,9.4
6E6717,3.51
6E6426,5.8
6E6134,0.85
6E6314,7.469
6E7087,2.612
6E856,2
6E1641,16.709
6E798,6.963
6E292,8.65
6E6251,8.7
6E695,9.6
6E485,2.2
6E476,8.7
6E723,7.05
6E634,0.23
6E5010,7.342
6E6472,5.6
TK6883,53.824
AK64,9.34
U4164,1.094
EK571,35.371
FD121,3.453
B3701,2.261
B3700,8.323
FZ462,17.357
SL243,5.63
QP1926,3.4
QP1802,5.076
VZ771,4.457
BZ201,12.5
BZ803,7.8
BZ268,2.25
KB211,1.57
AI2778,7.862
AI1832,2.556
AI2768,5.3
AI2774,3.4
AI2772,6.901
AI2706,4.7
AI2644,9.36
AI2482,6
AI2720,6.021
AI2710,2.2
AI2536,4.8
AI2472,4.65
AI2708,4.47
AI1863,4
MH185,16.042
TG314,6.866
IAF,0.861
SQ517,14.091
762,3.694
IX1517,4.752
IX1256,2.84
IX1514,4.631
IX1520,6.2
IX1254,7.031
IX3301,1.603
IX1135,7.17
IX1531,3.474
IX1584,7.27
IX1519,1.65
IX2782,8.88
IX1523,1.122
IX2985,9.3
6E7087,3.051
6E6134,4.65
6E6908,7.288
6E6426,7.7
6E874,6.944
6E417,4.8
6E198,7.55
6E5113,4.83
6E5058,8.495
6E892,6.047
6E6749,1.151
6E334,5.2
6E6179,3.88
6E892,0.26
6E789,8.9
6E485,1.431
6E862,3.45
6E114,6.642
6E1641,12.306
6E6214,2.95
6E292,7.9
6E2119,7.41
6E2513,3.046
6E139,4.35
6E234,7.002
6E6314,8.78
6E6616,2.55
6E967,7.67
6E6339,1.5
6E6528,7.704
6E6721,7.256
6E9204,0.8
6E2187,5.558
6E2079,5.801
6E6251,4.85
6E6514,5.356
6E757,10.2
6E723,5.917
6E856,2.001
6E1631,0.49
6E6785,3.285
6E563,4.85
6E5087,6.538
6E7418,1.235
6E1105,3.694
6E135,6.43
6E6710,7.43
6E326,9.05
6E6917,2
6E235,6.263
6E345,9.58
6E201,3.55
6E7351,0.956
6E496,7.25
6E476,8.195
6E2137,7.05
6E212,0.4
6E271,4.45
6E2106,9.215
6E634,4.77
6E695,8.9
6E6249,4.15
6E6472,4.1
6E379,4.752
6E822,2.7
6E751,0.6
6E715,7.471
6E2165,9.064
6E7317,1.7
6E2602,7.547
6E6717,4.21
6E6134,0.35
6E5010,7.173
6E2248,8.521
6E1015,10.383
AK64,9.84
S,9.945
EK571,35.267
EK573,53.35
FD121,6.943
FD121,4.476
B3700,7.016
B3701,2.641
BS202,1.451
YG9049,34.229
QP1562,6.307
QP1802,3.3
QP1925,6.829
QP1926,8.23
9I751,1.445
BZ308,0.4
BZ201,9
BZ803,8
AI1832,1.051
AI2720,4.653
AI2644,2.3
AI2772,4.95
AI2706,5.3
AI2482,5.401
AI2708,5.35
AI2720,3.514
AI2536,3.4
AI1874,4.301
AI2768,5.83
AI2710,1.85
AI2774,4
AI2472,4.852
AI2410,7.744
AI1832,4.452
AI1863,2.85
NS,0.27
TG314,4.102
KA2678,4.853
SQ517,14.222
IX2985,7.8
IX1517,2.5
IX2782,8.85
IX1584,7.25
IX1254,6.502
IX1521,0.781
IX1256,3.407
IX1514,3.7
IX1523,2.024
IX1531,0.327
IX1520,6.35
IX1135,7.98
IX1519,2.24
6E485,1.801
6E7087,3.082
6E6917,0.45
6E967,9.139
6E7317,1.802
6E6908,6.292
6E6426,6.1
6E1015,11.068
6E1631,7.25
6E476,7.851
6E5010,6.842
6E723,5.903
6E1641,12.3
6E345,10.742
6E379,7.38
6E822,0.508
6E9204,1.001
6E948,4.549
6E212,2.957
6E201,6.704
6E5087,8.65
6E5253,1.054
6E1105,3.854
6E271,2
6E235,6.3
6E326,3.71
6E6917,3.5
6E417,4.899
6E958,7.511
6E695,9.73
6E9206,1.803
6E563,6.35
6E6472,6.423
6E2137,6
6E5088,8.1
6E6214,2.602
6E2119,7.703
6E2106,10.15
6E139,0.45
6E6249,5.88
6E5113,4.947
6E7418,1.354
6E496,6.651
6E6785,4.43
6E6179,3.25
6E6514,3.4
6E7351,0.856
6E634,8.55
6E135,7.921
6E2513,6.25
6E715,1.556
6E6710,7.75
6E334,6.6
6E2165,8.507
6E6717,2.75
6E6339,1.55
6E6721,7.336
6E234,6.3
6E798,6.558
6E114,6.2
6E862,4.127
6E789,7.954
6E751,0.55
6E6616,2.65
6E874,6.343
6E198,9
6E892,7.6
6E2602,8.4
6E757,10.368
6E292,6.814
6E856,1.4
6E6251,8.185
6E512,0.58
6E2248,8.95
6E2187,6.95
6E6314,7.978
6E2079,6
6E6528,6.104
U4164,1.12
B3701,4.309
B3700,7.746
NS,1.832
FZ462,19.315
SL243,7.301
QP1926,3.655
QP1802,3.54
9I721,1.432
9I755,1.67
9I751,3.523
BD308,0.2
AI2482,7.14
AI2410,5.4
AI1863,3.83
AI2472,3.1
AI2720,3.3
AI2644,7.071
AI2708,4.84
AI1874,4.25
AI2710,1.6
AI2536,2.1
AI2772,3.636
AI2768,7.05
AI2778,4.4
AI2706,4.9
AI2774,8.05
MH185,13.7
TG314,6.508
SQ517,16.907
IX1514,3.432
IX1520,5.6
IX1519,2.692
IX1571,3.503
IX2782,9.101
IX1521,0.741
IX1135,7.1
IX1584,6.821
IX3301,1.271
IX1523,0.62
IX1254,0.25
IX1256,2.682
IX2985,6.792
6E379,7.824
6E345,5.98
6E6616,2.617
6E751,0.13
6E326,8.1
6E114,7.6
6E271,5.101
6E234,7.003
6E235,6.251
6E6251,8.15
6E417,3.65
6E6917,2.59
6E723,6.376
6E1641,12.296
6E5113,5
6E1105,3.85
6E7087,1.807
6E6426,6
6E496,6.48
6E135,7.024
6E476,8.46
6E2187,7.218
6E6472,9.05
6E7351,1.045
6E6249,7.451
6E2106,7.656
6E2079,6.75
6E798,7.25
6E334,5.3
6E874,7.769
6E2602,7.409
6E292,8.3
6E789,8.291
6E139,2.851
6E6179,5.117
6E6348,0.63
6E212,4.6
6E6908,7.5
6E6514,3.841
6E2248,9.2
6E2137,6.85
6E967,8.3
6E715,6.75
6E958,7.368
6E7317,2.651
6E2119,7.877
6E201,7.08
6E6528,5.62
6E6710,6.831
6E892,6.66
6E822,0.47
6E966,0.646
6E9204,2.327
6E198,7.685
6E2165,8.68
6E6339,2.342
6E695,8.55
6E1631,5.887
6E5087,6.789
6E7418,0.781
6E563,5.3
6E5058,8.48
6E862,3.65
6E856,0.25
6E5010,6.55
6E2513,3.931
6E1015,12.158
6E485,1.602
6E757,5.92
6E6721,7.2
AK64,9.1
AK62,10.9
BHA164,1.172
FD121,4.269
B3701,3.224
B3700,7.77
BS202,0.799
QP1802,4.364
QP1562,5.062
QP1926,2.451
